"","tier","start","stop","duration","comment","id"
"1","Caregiverlinguistic",10.98,11.826,0.846,"pan
","069"
"2","Caregiverlinguistic",14.373,14.96,0.587,"plato
","069"
"3","Caregiverlinguistic",15.839,16.306,0.467,"pan
","069"
"4","Caregiverlinguistic",18.769,18.901,0.132,"pan
","069"
"5","Caregiverlinguistic",22.258,22.918,0.66,"banana
","069"
"6","Caregiverlinguistic",23.491,24.116,0.625,"banana
","069"
"7","Caregiverlinguistic",26.348,26.763,0.415,"leche
","069"
"8","Caregiverlinguistic",37.405,37.925,0.52,"brocoli
","069"
"9","Caregiverlinguistic",38.882,39.415,0.533,"brocoli
","069"
"10","Caregiverlinguistic",39.873,40.319,0.446,"brocoli
","069"
"11","Caregiverlinguistic",41.258,41.869,0.611,"brocoli
","069"
"12","Caregiverlinguistic",48.273,48.876,0.603,"orange
","069"
"13","Caregiverlinguistic",49.145,49.842,0.697,"stawberry
","069"
"14","Caregiverlinguistic",57.044,57.671,0.627,"fresa
","069"
"15","Caregiverlinguistic",63.99,64.691,0.701,"huevo
","069"
"16","Caregiverlinguistic",69.471,70.134,0.663,"cookies
","069"
"17","Caregiverlinguistic",73.714,74.222,0.508,"cookie
","069"
"18","Caregiverlinguistic",91.825,92.318,0.493,"cuchara
","069"
"19","Caregiverlinguistic",106.116,106.812,0.696,"cuchara
","069"
"20","Caregiverlinguistic",128.479,129.043,0.564,"plato
","069"
"21","Caregiverlinguistic",139.362,140.375,1.013,"lechuga
","069"
"22","Caregiverlinguistic",141.59,142.153,0.563,"elote
","069"
"23","Caregiverlinguistic",143.362,143.993,0.631,"elote
","069"
"24","Caregiverlinguistic",156.994,157.423,0.429,"cookie
","069"
"25","Caregiverlinguistic",164.539,165.059,0.52,"copa
","069"
"26","Caregiverlinguistic",166.935,167.282,0.347,"tabla
","069"
"27","Caregiverlinguistic",174.289,174.636,0.347,"knife
","069"
"28","Caregiverlinguistic",175.958,176.529,0.571,"lechuga
","069"
"29","Caregiverlinguistic",180.474,181.037,0.563,"lechuga
","069"
"30","Caregiverlinguistic",188.866,189.429,0.563,"tomate
","069"
"31","Caregiverlinguistic",193.008,193.51,0.502,"brocoli
","069"
"32","Caregiverlinguistic",203.837,204.553,0.716,"sandwich
","069"
"33","Caregiverlinguistic",206.248,206.818,0.57,"sandwich
","069"
"34","Caregiverlinguistic",225.055,225.668,0.613,"leche
","069"
"35","Caregiverlinguistic",227.215,227.638,0.423,"leche
","069"
"36","Caregiverlinguistic",228.856,229.369,0.513,"leche
","069"
"37","Caregiverlinguistic",230.063,230.396,0.333,"cookie
","069"
"38","Caregiverlinguistic",234.267,234.716,0.449,"leche
","069"
"39","Caregiverlinguistic",253.751,254.502,0.751,"aguacate
","069"
"40","Caregiverlinguistic",271.08,271.586,0.506,"tomate
","069"
"41","Caregiverlinguistic",285.521,286.047,0.526,"onion
","069"
"42","Caregiverlinguistic",287.333,287.873,0.54,"sarten
","069"
"43","Caregiverlinguistic",293.88,294.51,0.63,"cookie
","069"
"44","Caregiverlinguistic",296.752,297.268,0.516,"cookies
","069"
"45","Caregiverlinguistic",298.225,299.439,1.214,"cookie
","069"
"46","Caregiverlinguistic",307.014,307.529,0.515,"cuchara
","069"
"47","Caregiverlinguistic",310.898,311.424,0.526,"cuchara
","069"
"48","Caregiverlinguistic",316.992,317.385,0.393,"golf
","069"
"49","Caregiverlinguistic",318.256,318.718,0.462,"naranja
","069"
"50","Caregiverlinguistic",16.51,17.625,1.115,"aguacate
","084"
"51","Caregiverlinguistic",28.24,28.98,0.74,"galleta
","084"
"52","Caregiverlinguistic",30.75,31.93,1.18,"galleta
","084"
"53","Caregiverlinguistic",35.08,35.66,0.58,"galleta
","084"
"54","Caregiverlinguistic",53.31,53.89,0.58,"pan
","084"
"55","Caregiverlinguistic",54.36,55.26,0.9,"brocoli
","084"
"56","Caregiverlinguistic",56.69,58.01,1.32,"platano
","084"
"57","Caregiverlinguistic",65.65,66.47,0.82,"platano
","084"
"58","Caregiverlinguistic",75.56,76.3,0.74,"platano
","084"
"59","Caregiverlinguistic",78.27,79.47,1.2,"platano
","084"
"60","Caregiverlinguistic",84.55,85.13,0.58,"frijoles
","084"
"61","Caregiverlinguistic",87.53,88.09,0.56,"frijoles
","084"
"62","Caregiverlinguistic",126.91,127.33,0.42,"vaso
","084"
"63","Caregivernonlinguistic",156.725,159.02,2.295,"green beans
","084"
"64","Caregivernonlinguistic",168.795,169.63,0.835,"galleta
","084"
"65","Caregivernonlinguistic",170.512,171.692,1.18,"galleta
","084"
"66","Caregivernonlinguistic",174.405,175.182,0.777,"galleta
","084"
"67","Caregiverlinguistic",178.755,179.468,0.713,"naranja
","084"
"68","Caregiverlinguistic",219.19,219.891,0.701,"galleta
","084"
"69","Caregiverlinguistic",228.18,228.86,0.68,"galleta
","084"
"70","Caregiverlinguistic",230.4,231.46,1.06,"galleta
","084"
"71","Caregiverlinguistic",238.31,239.17,0.86,"galleta
","084"
"72","Caregiverlinguistic",240.2,240.78,0.58,"brocoli
","084"
"73","Caregiverlinguistic",245.29,246.37,1.08,"pan
","084"
"74","Caregiverlinguistic",263.89,264.49,0.6,"lechita
","084"
"75","Caregiverlinguistic",265.82,267.57,1.75,"lechita
","084"
"76","Caregiverlinguistic",276.45,276.81,0.36,"lechita
","084"
"77","Caregiverlinguistic",277.93,278.43,0.5,"leche
","084"
"78","Caregiverlinguistic",287.82,288.52,0.7,"galleta
","084"
"79","Caregiverlinguistic",291.91,292.71,0.8,"galletas
","084"
"80","Caregiverlinguistic",296.91,297.89,0.98,"tenedor
","084"
"81","Caregiverlinguistic",298.3,299.34,1.04,"cuchara
","084"
"82","Caregiverlinguistic",300.52,301.46,0.94,"cuchillo
","084"
"83","Caregiverlinguistic",304.01,305.09,1.08,"galletota
","084"
"84","Caregiverlinguistic",307.77,308.97,1.2,"cuchara
","084"
"85","Caregiverlinguistic",310.29,310.76,0.47,"cuchillo
","084"
"86","Caregiverlinguistic",325.05,325.825,0.775,"platano
","084"
"87","Caregiverlinguistic",329.575,330.558,0.983,"platano
","084"
"88","Caregiverlinguistic",333.945,334.565,0.62,"platano
","084"
"89","Caregiverlinguistic",19.089,19.839,0.75,"cuchara","109"
"90","Caregiverlinguistic",22.446,23.214,0.768,"banana","109"
"91","Caregiverlinguistic",25.348,25.789,0.441,"banana","109"
"92","Caregiverlinguistic",30.022,30.875,0.853,"banana","109"
"93","Caregiverlinguistic",31.719,32.464,0.745,"banana","109"
"94","Caregiverlinguistic",34.315,35.018,0.703,"banana","109"
"95","Caregiverlinguistic",36.592,37.473,0.881,"fresa","109"
"96","Caregiverlinguistic",38.188,38.797,0.609,"fresa","109"
"97","Caregiverlinguistic",49.379,50.27,0.891,"plato","109"
"98","Caregiverlinguistic",52.924,53.877,0.953,"taza","109"
"99","Caregiverlinguistic",68.638,69.535,0.897,"cuchillo","109"
"100","Caregiverlinguistic",70.536,71.444,0.908,"cuchillo","109"
"101","Caregiverlinguistic",79.073,79.866,0.793,"cuchillo","109"
"102","Caregiverlinguistic",81.521,82.476,0.955,"cookie","109"
"103","Caregiverlinguistic",85.658,86.567,0.909,"brocoli","109"
"104","Caregiverlinguistic",91.966,92.701,0.735,"brocoli","109"
"105","Caregiverlinguistic",98.748,100.041,1.293,"chicahrito","109"
"106","Caregiverlinguistic",108.993,109.621,0.628,"banana","109"
"107","Caregiverlinguistic",113.414,114.241,0.827,"banano","109"
"108","Caregiverlinguistic",121.304,121.824,0.52,"banana","109"
"109","Caregiverlinguistic",126.073,126.543,0.47,"cascara","109"
"110","Caregiverlinguistic",128.15,129.083,0.933,"cascara de banana","109"
"111","Caregiverlinguistic",130.922,132.073,1.151,"bote de leche","109"
"112","Caregiverlinguistic",133.35,134.171,0.821,"lechita ","109"
"113","Caregiverlinguistic",135.897,136.834,0.937,"tazita","109"
"114","Caregiverlinguistic",139.376,139.776,0.4,"te","109"
"115","Caregiverlinguistic",145.377,146.067,0.69,"te","109"
"116","Caregiverlinguistic",147.181,147.739,0.558,"te","109"
"117","Caregiverlinguistic",150.14,150.855,0.715,"huevito","109"
"118","Caregiverlinguistic",152.839,153.558,0.719,"huevito","109"
"119","Caregiverlinguistic",156.473,156.996,0.523,"tomate","109"
"120","Caregiverlinguistic",159.5,160.089,0.589,"tomate","109"
"121","Caregiverlinguistic",164.449,165.225,0.776,"tapadera","109"
"122","Caregiverlinguistic",167.356,167.983,0.627,"chicaharo","109"
"123","Caregiverlinguistic",170.724,171.896,1.172,"chicaharo","109"
"124","Caregiverlinguistic",176.338,177.085,0.747,"aguacate","109"
"125","Caregiverlinguistic",180.634,181.655,1.021,"aguacate","109"
"126","Caregiverlinguistic",183.518,184.932,1.414,"aguacate","109"
"127","Caregiverlinguistic",187.81,188.656,0.846,"cebolla","109"
"128","Caregiverlinguistic",190.679,191.41,0.731,"cebolla","109"
"129","Caregiverlinguistic",192.547,193.668,1.121,"cebolla","109"
"130","Caregiverlinguistic",198.446,199.618,1.172,"cuchillo","109"
"131","Caregiverlinguistic",203.541,204.213,0.672,"cuchillo","109"
"132","Caregiverlinguistic",204.512,205.095,0.583,"aguacate","109"
"133","Caregiverlinguistic",206.422,206.845,0.423,"aguacate","109"
"134","Caregiverlinguistic",211.076,212.197,1.121,"cuchara","109"
"135","Caregiverlinguistic",216.143,217.177,1.034,"tenedor","109"
"136","Caregiverlinguistic",218.356,219.339,0.983,"cuchara","109"
"137","Caregiverlinguistic",221.496,222.29,0.794,"cuchillo","109"
"138","Caregiverlinguistic",225.355,226.022,0.667,"cuchara","109"
"139","Caregiverlinguistic",228.414,229.19,0.776,"tenedor","109"
"140","Caregiverlinguistic",238.496,239.305,0.809,"cuchara","109"
"141","Caregiverlinguistic",242.378,243.222,0.844,"tenedor","109"
"142","Caregiverlinguistic",246.385,247.453,1.068,"cuchillo","109"
"143","Caregiverlinguistic",251.069,251.558,0.489,"cookie","109"
"144","Caregiverlinguistic",256.586,257.035,0.449,"cookie","109"
"145","Caregiverlinguistic",260.993,261.978,0.985,"lechuga","109"
"146","Caregiverlinguistic",267.745,268.545,0.8,"cebolla","109"
"147","Caregiverlinguistic",269.455,269.928,0.473,"cebolla","109"
"148","Caregiverlinguistic",270.208,270.877,0.669,"fresa","109"
"149","Caregiverlinguistic",272.875,273.635,0.76,"sandwhich","109"
"150","Caregiverlinguistic",274.141,274.702,0.561,"sandwhich","109"
"151","Caregiverlinguistic",277.251,277.872,0.621,"sandwhich","109"
"152","Caregiverlinguistic",282.018,282.801,0.783,"elote","109"
"153","Caregiverlinguistic",287.177,287.82,0.643,"elotito","109"
"154","Caregiverlinguistic",288.619,291.912,3.293,"caldito de cebolla","109"
"155","Caregiverlinguistic",293.45,294.393,0.943,"sopa de cebolla","109"
"156","Caregiverlinguistic",294.693,295.313,0.62,"elote","109"
"157","Caregiverlinguistic",302.592,303.337,0.745,"elote","109"
"158","Caregiverlinguistic",304.309,304.933,0.624,"elote","109"
"159","Caregiverlinguistic",308.37,308.895,0.525,"plato","109"
"160","Caregiverlinguistic",312.651,313.382,0.731,"elote","109"
"161","Caregiverlinguistic",315.555,316.279,0.724,"elotito","109"
"162","Caregiverlinguistic",322.113,322.813,0.7,"sarten","109"
"163","Caregiverlinguistic",325.215,325.707,0.492,"leche","109"
"164","Caregiverlinguistic",326.901,327.864,0.963,"lechita","109"
"165","Caregiverlinguistic",330.509,331.19,0.681,"lechita","109"
"166","Caregiverlinguistic",333.661,334.225,0.564,"vaquita","109"
"167","Caregiverlinguistic",333.661,335.161,1.5,"vaquita que da leche","109"
"168","Caregiverlinguistic",336.911,337.677,0.766,"leche","109"
"169","Caregiverlinguistic",338.611,339.335,0.724,"vaquita","109"
"170","Caregiverlinguistic",341.083,342.173,1.09,"galleta","109"
"171","Caregiverlinguistic",68.273,68.975,0.702,"naranja
","114"
"172","Caregiverlinguistic",69.25,69.815,0.565,"naranja
","114"
"173","Caregiverlinguistic",69.972,71.07,1.098,"naranja
","114"
"174","Caregiverlinguistic",72.387,73.364,0.977,"aguacate
","114"
"175","Caregiverlinguistic",73.797,75.069,1.272,"aguacate
","114"
"176","Caregiverlinguistic",76.645,77.939,1.294,"aguacate
","114"
"177","Caregiverlinguistic",89.024,90.099,1.075,"naranja
","114"
"178","Caregiverlinguistic",90.234,91.07,0.836,"naranja
","114"
"179","Caregiverlinguistic",108.689,109.259,0.57,"brocoli
","114"
"180","Caregiverlinguistic",110.95,111.198,0.248,"pan
","114"
"181","Caregiverlinguistic",111.727,112.08,0.353,"pan
","114"
"182","Caregiverlinguistic",119.96,120.584,0.624,"platano
","114"
"183","Caregiverlinguistic",121.209,121.794,0.585,"platano
","114"
"184","Caregiverlinguistic",122.655,123.989,1.334,"platano
","114"
"185","Caregiverlinguistic",128.323,128.871,0.548,"hojita
","114"
"186","Caregiverlinguistic",131.798,132.938,1.14,"elote
","114"
"187","Caregiverlinguistic",144.117,145.274,1.157,"tomate
","114"
"188","Caregiverlinguistic",145.695,146.911,1.216,"tomate
","114"
"189","Caregiverlinguistic",147.538,148.578,1.04,"tomate
","114"
"190","Caregiverlinguistic",159.254,161.019,1.765,"platano
","114"
"191","Caregiverlinguistic",162.479,163.198,0.719,"platano
","114"
"192","Caregiverlinguistic",167.47,168.113,0.643,"platano
","114"
"193","Caregiverlinguistic",174.166,174.84,0.674,"pan
","114"
"194","Caregiverlinguistic",177.999,178.843,0.844,"pan
","114"
"195","Caregiverlinguistic",179.696,180.656,0.96,"pan
","114"
"196","Caregiverlinguistic",181.156,181.744,0.588,"pan
","114"
"197","Caregiverlinguistic",186.822,187.747,0.925,"platano
","114"
"198","Caregiverlinguistic",189.112,189.822,0.71,"platano
","114"
"199","Caregiverlinguistic",191.302,192.165,0.863,"platano
","114"
"200","Caregiverlinguistic",194.901,196.125,1.224,"vazito
","114"
"201","Caregiverlinguistic",198.182,198.585,0.403,"vazito
","114"
"202","Caregiverlinguistic",199.516,200.673,1.157,"vazito
","114"
"203","Caregiverlinguistic",203.948,204.541,0.593,"galleta
","114"
"204","Caregiverlinguistic",206.001,207.103,1.102,"galleta
","114"
"205","Caregiverlinguistic",209.685,210.169,0.484,"galleta
","114"
"206","Caregiverlinguistic",213.563,214.681,1.118,"galleta
","114"
"207","Caregiverlinguistic",223.398,224.458,1.06,"brocoli
","114"
"208","Caregiverlinguistic",233.459,234.136,0.677,"tomate
","114"
"209","Caregiverlinguistic",263.278,264.224,0.946,"platano
","114"
"210","Caregiverlinguistic",267.233,268.253,1.02,"tomate 
","114"
"211","Caregiverlinguistic",269.233,269.976,0.743,"tomate  
","114"
"212","Caregiverlinguistic",274.321,275.203,0.882,"galleta
","114"
"213","Caregiverlinguistic",284.607,286.37,1.763,"aguacate
","114"
"214","Caregiverlinguistic",300.115,301.86,1.745,"cebolla
","114"
"215","Caregiverlinguistic",311.316,311.941,0.625,"brocoli
","114"
"216","Caregiverlinguistic",316.695,317.538,0.843,"platano
","114"
"217","Caregiverlinguistic",318.626,319.842,1.216,"platano
","114"
"218","Caregiverlinguistic",319.967,320.385,0.418,"naranja
","114"
"219","Caregiverlinguistic",321.371,321.781,0.41,"naranja
","114"
"220","Caregiverlinguistic",322.136,322.783,0.647,"naranja
","114"
"221","Caregiverlinguistic",323.858,324.302,0.444,"naranja
","114"
"222","Caregiverlinguistic",327.972,328.466,0.494,"naranja
","114"
"223","Caregiverlinguistic",331.265,331.89,0.625,"naranja
","114"
"224","Caregiverlinguistic",333.985,334.382,0.397,"naranja
","114"
"225","Caregiverlinguistic",335.142,335.763,0.621,"naranja
","114"
"226","Caregiverlinguistic",336.442,337.101,0.659,"naranja
","114"
"227","Caregiverlinguistic",338.579,338.93,0.351,"naranja
","114"
"228","Caregiverlinguistic",340.262,340.665,0.403,"naranja
","114"
"229","Caregiverlinguistic",342.415,342.87,0.455,"naranja
","114"
"230","Caregivernonlinguistic",345.917,346.309,0.392,"naranja
","114"
"231","Caregivernonlinguistic",352.966,353.392,0.426,"naranja
","114"
"232","Caregivernonlinguistic",356.362,357.139,0.777,"naranja
","114"
"233","Caregivernonlinguistic",359.083,359.683,0.6,"naranja
","114"
"234","Caregivernonlinguistic",363.124,363.541,0.417,"naranja
","114"
"235","Caregivernonlinguistic",365.712,366.546,0.834,"naranja
","114"
"236","Caregivernonlinguistic",367.49,367.922,0.432,"naranja
","114"
"237","Caregivernonlinguistic",369.694,370.34,0.646,"naranja
","114"
"238","Caregivernonlinguistic",372.009,372.614,0.605,"naranja
","114"
"239","Caregiverlinguistic",7.399,7.964,0.565,"cookie
","121"
"240","Caregiverlinguistic",9.386,9.972,0.586,"galleta
","121"
"241","Caregiverlinguistic",10.251,10.691,0.44,"galleta
","121"
"242","Caregiverlinguistic",13.555,14.122,0.567,"galleta
","121"
"243","Caregiverlinguistic",20.026,20.446,0.42,"agua
","121"
"244","Caregiverlinguistic",20.583,21.063,0.48,"jugo
","121"
"245","Caregiverlinguistic",22.715,23.21,0.495,"agua
","121"
"246","Caregiverlinguistic",33.712,34.432,0.72,"naranja
","121"
"247","Caregiverlinguistic",35.657,36.51,0.853,"naranja
","121"
"248","Caregiverlinguistic",44.332,45.165,0.833,"sandwhich
","121"
"249","Caregiverlinguistic",46.38,47,0.62,"sandwhich
","121"
"250","Caregiverlinguistic",47.416,47.909,0.493,"sandwhich
","121"
"251","Caregiverlinguistic",56.739,57.378,0.639,"sandwhich
","121"
"252","Caregiverlinguistic",67.107,68.386,1.279,"platano
","121"
"253","Caregiverlinguistic",69.892,71.259,1.367,"platano
","121"
"254","Caregiverlinguistic",73.793,74.38,0.587,"platano
","121"
"255","Caregiverlinguistic",75.905,76.498,0.593,"platano
","121"
"256","Caregiverlinguistic",86.06,86.554,0.494,"agua
","121"
"257","Caregiverlinguistic",88.754,89.347,0.593,"agua
","121"
"258","Caregiverlinguistic",96.421,97.321,0.9,"agua
","121"
"259","Caregiverlinguistic",98.163,98.631,0.468,"agua
","121"
"260","Caregiverlinguistic",102.26,102.633,0.373,"agua
","121"
"261","Caregiverlinguistic",110.719,111.185,0.466,"agua
","121"
"262","Caregiverlinguistic",118.553,118.983,0.43,"agua
","121"
"263","Caregiverlinguistic",120.801,121.265,0.464,"agua
","121"
"264","Caregiverlinguistic",121.779,122.235,0.456,"agua
","121"
"265","Caregiverlinguistic",127.507,128.199,0.692,"platano
","121"
"266","Caregiverlinguistic",130.002,130.607,0.605,"platano
","121"
"267","Caregiverlinguistic",134.606,135.648,1.042,"galleta
","121"
"268","Caregiverlinguistic",137.399,137.976,0.577,"galleta
","121"
"269","Caregiverlinguistic",140.895,141.394,0.499,"galleta
","121"
"270","Caregiverlinguistic",144.26,144.805,0.545,"galleta
","121"
"271","Caregiverlinguistic",152.677,153.669,0.992,"brocoli
","121"
"272","Caregiverlinguistic",157.654,158.328,0.674,"fresa
","121"
"273","Caregiverlinguistic",159.161,159.852,0.691,"fresa
","121"
"274","Caregiverlinguistic",161.023,161.633,0.61,"fresa
","121"
"275","Caregiverlinguistic",210.443,211.302,0.859,"plato
","121"
"276","Caregiverlinguistic",211.617,212.275,0.658,"cuchara
","121"
"277","Caregiverlinguistic",238.608,239.058,0.45,"plato
","121"
"278","Caregiverlinguistic",247.521,248.225,0.704,"cuchara
","121"
"279","Caregiverlinguistic",266.566,267.025,0.459,"agua
","121"
"280","Caregiverlinguistic",268.816,269.354,0.538,"agua
","121"
"281","Caregiverlinguistic",271.025,271.409,0.384,"agua
","121"
"282","Caregiverlinguistic",21.83,22.717,0.887,"naranja
","132"
"283","Caregiverlinguistic",23.725,25.197,1.472,"naranja
","132"
"284","Caregiverlinguistic",37.77,38.983,1.213,"vaca
","132"
"285","Caregiverlinguistic",41.216,42.109,0.893,"vaca
","132"
"286","Caregiverlinguistic",44.024,45.12,1.096,"cebolla
","132"
"287","Caregiverlinguistic",49.641,50.697,1.056,"cebolla
","132"
"288","Caregiverlinguistic",57.104,58.094,0.99,"banana
","132"
"289","Caregiverlinguistic",67.032,68.228,1.196,"banana
","132"
"290","Caregiverlinguistic",69.317,70.751,1.434,"banana
","132"
"291","Caregiverlinguistic",111.214,112.27,1.056,"tomate
","132"
"292","Caregiverlinguistic",113.628,114.685,1.057,"tomate
","132"
"293","Caregiverlinguistic",121.303,122.586,1.283,"naranja
","132"
"294","Caregiverlinguistic",124.608,126.17,1.562,"naranja
","132"
"295","Caregiverlinguistic",128.943,130.264,1.321,"fresas
","132"
"296","Caregiverlinguistic",131.452,132.15,0.698,"fresas
","132"
"297","Caregiverlinguistic",136.121,137.499,1.378,"banana
","132"
"298","Caregiverlinguistic",139.164,140.334,1.17,"banana
","132"
"299","Caregiverlinguistic",141.877,142.99,1.113,"banana
","132"
"300","Caregiverlinguistic",167.565,169.358,1.793,"pan
","132"
"301","Caregiverlinguistic",170.328,171.932,1.604,"pan
","132"
"302","Caregiverlinguistic",173.073,174.243,1.17,"pan
","132"
"303","Caregiverlinguistic",179.653,180.351,0.698,"galleta
","132"
"304","Caregiverlinguistic",184.049,184.804,0.755,"galletas
","132"
"305","Caregiverlinguistic",196.242,196.94,0.698,"sarten
","132"
"306","Caregiverlinguistic",197.274,197.958,0.684,"galleta
","132"
"307","Caregiverlinguistic",199.395,200.282,0.887,"galleta
","132"
"308","Caregiverlinguistic",225.99,226.461,0.471,"galleta
","132"
"309","Caregiverlinguistic",227.597,228.314,0.717,"galleta
","132"
"310","Caregiverlinguistic",255.133,255.488,0.355,"leche
","132"
"311","Caregiverlinguistic",266.41,266.825,0.415,"leche
","132"
"312","Caregiverlinguistic",267.154,267.607,0.453,"leche
","132"
"313","Caregiverlinguistic",268.332,268.776,0.444,"leche
","132"
"314","Caregiverlinguistic",273.108,273.626,0.518,"leche
","132"
"315","Caregiverlinguistic",280.507,281.28,0.773,"brocoli
","132"
"316","Caregiverlinguistic",281.872,282.778,0.906,"brocoli
","132"
"317","Caregiverlinguistic",283.639,284.208,0.569,"brocoli
","132"
"318","Caregiverlinguistic",284.968,285.528,0.56,"brocoli
","132"
"319","Caregiverlinguistic",288.378,289.736,1.358,"brocoli
","132"
"320","Caregiverlinguistic",290.226,291.075,0.849,"aguacate
","132"
"321","Caregiverlinguistic",292.404,293.951,1.547,"aguacate
","132"
"322","Caregiverlinguistic",297.019,298.698,1.679,"aguacate
","132"
"323","Caregiverlinguistic",299.742,301.289,1.547,"aguacate
","132"
"324","Caregiverlinguistic",303.433,305.264,1.831,"aguacate
","132"
"325","Caregiverlinguistic",307.248,308.248,1,"chicaros
","132"
"326","Caregiverlinguistic",310.295,312.446,2.151,"chicaros
","132"
"327","Caregiverlinguistic",314.159,315.367,1.208,"chicaros
","132"
"328","Caregiverlinguistic",316.529,317.416,0.887,"frojoles
","132"
"329","Caregiverlinguistic",319.4,319.966,0.566,"pan
","132"
"330","Caregiverlinguistic",320.72,321.267,0.547,"pan
","132"
"331","Caregiverlinguistic",323.63,324.064,0.434,"pan
","132"
"332","Caregiverlinguistic",325.731,326.052,0.321,"pan
","132"
"333","Caregiverlinguistic",327.226,327.925,0.699,"pan
","132"
"334","Caregiverlinguistic",328.949,329.307,0.358,"plato
","132"
"335","Caregiverlinguistic",330.843,331.334,0.491,"plato
","132"
"336","Caregiverlinguistic",332.776,333.059,0.283,"pan
","132"
"337","Caregivernonlinguistic",25.794,26.735,0.941,"orange
","133"
"338","Caregivernonlinguistic",38.473,39.42,0.947,"cebolla
","133"
"339","Caregivernonlinguistic",59.985,60.945,0.96,"strawberry
","133"
"340","Caregivernonlinguistic",64.044,64.666,0.622,"banana
","133"
"341","Caregivernonlinguistic",64.822,65.935,1.113,"banana
","133"
"342","Caregivernonlinguistic",69.434,70.261,0.827,"brocoli
","133"
"343","Caregivernonlinguistic",73.353,73.893,0.54,"brocoli
","133"
"344","Caregivernonlinguistic",75.239,75.745,0.506,"banana
","133"
"345","Caregivernonlinguistic",75.753,76.285,0.532,"banana
","133"
"346","Caregivernonlinguistic",77.352,78.044,0.692,"banana
","133"
"347","Caregivernonlinguistic",86.65,87.645,0.995,"brocoli
","133"
"348","Caregivernonlinguistic",89.435,90.293,0.858,"sandwich
","133"
"349","Caregivernonlinguistic",96.049,96.745,0.696,"lechuga
","133"
"350","Caregivernonlinguistic",100.997,101.67,0.673,"lechuga
","133"
"351","Caregivernonlinguistic",106.507,106.989,0.482,"galleta
","133"
"352","Caregivernonlinguistic",107.131,107.66,0.529,"cookie
","133"
"353","Caregivernonlinguistic",132.2,132.588,0.388,"agua
","133"
"354","Caregivernonlinguistic",134.583,135.019,0.436,"agua
","133"
"355","Caregivernonlinguistic",136.307,136.777,0.47,"agua
","133"
"356","Caregivernonlinguistic",142.754,143.211,0.457,"agua
","133"
"357","Caregivernonlinguistic",145.165,145.574,0.409,"agua
","133"
"358","Caregivernonlinguistic",148.16,148.609,0.449,"agua
","133"
"359","Caregivernonlinguistic",152.052,152.71,0.658,"cookie
","133"
"360","Caregivernonlinguistic",161.205,162.031,0.826,"leche
","133"
"361","Caregivernonlinguistic",200.134,200.624,0.49,"chicharos
","133"
"362","Caregivernonlinguistic",240.13,240.475,0.345,"platos
","133"
"363","Caregivernonlinguistic",245.371,245.881,0.51,"sopita
","133"
"364","Caregivernonlinguistic",260.921,261.596,0.675,"cookie
","133"
"365","Caregivernonlinguistic",274.202,274.922,0.72,"banana
","133"
"366","Caregivernonlinguistic",277.865,278.873,1.008,"banana
","133"
"367","Caregivernonlinguistic",283.498,284.286,0.788,"banana
","133"
"368","Caregivernonlinguistic",286.123,286.655,0.532,"banana
","133"
"369","Caregivernonlinguistic",296.348,296.993,0.645,"cuchara
","133"
"370","Caregivernonlinguistic",300.076,300.77,0.694,"cuchara
","133"
"371","Caregivernonlinguistic",317.371,318.203,0.832,"cazuela
","133"
"372","Caregivernonlinguistic",324.246,325.036,0.79,"tomate
","133"
"373","Caregivernonlinguistic",331.949,332.909,0.96,"cebolla
","133"
"374","Caregivernonlinguistic",339.606,340.339,0.733,"chicaros
","133"
"375","Caregiverlinguistic",19.14,19.946,0.806,"sandwich
","140"
"376","Caregiverlinguistic",20.22,21.1,0.88,"sandwich
","140"
"377","Caregiverlinguistic",22.88,23.68,0.8,"sandwich
","140"
"378","Caregiverlinguistic",25.4,26.62,1.22,"sandwich
","140"
"379","Caregiverlinguistic",48.78,49.566,0.786,"cookie
","140"
"380","Caregiverlinguistic",51.6,52.52,0.92,"cookie
","140"
"381","Caregiverlinguistic",55.78,56.159,0.379,"cookie
","140"
"382","Caregiverlinguistic",56.66,57.359,0.699,"orange
","140"
"383","Caregiverlinguistic",59.37,59.876,0.506,"orange
","140"
"384","Caregiverlinguistic",60.61,60.895,0.285,"jugo
","140"
"385","Caregiverlinguistic",61.5,62.26,0.76,"jugo
","140"
"386","Caregiverlinguistic",63.34,63.82,0.48,"jugo
","140"
"387","Caregiverlinguistic",71,72.36,1.36,"fresa
","140"
"388","Caregiverlinguistic",73.12,74.22,1.1,"fresa
","140"
"389","Caregiverlinguistic",82.053,83.293,1.24,"green beans
","140"
"390","Caregiverlinguistic",89.34,90.386,1.046,"banana
","140"
"391","Caregiverlinguistic",91.549,92.51,0.961,"banana
","140"
"392","Caregiverlinguistic",94.21,97.09,2.88,"banana
","140"
"393","Caregiverlinguistic",134.502,135.71,1.208,"leche
","140"
"394","Caregiverlinguistic",136.266,137.18,0.914,"leche
","140"
"395","Caregiverlinguistic",137.99,138.79,0.8,"leche
","140"
"396","Caregiverlinguistic",142.99,144.39,1.4,"leche
","140"
"397","Caregiverlinguistic",149.38,150.18,0.8,"leche
","140"
"398","Caregiverlinguistic",152.52,153.26,0.74,"jugo
","140"
"399","Caregiverlinguistic",158.89,159.562,0.672,"banana
","140"
"400","Caregiverlinguistic",160.449,160.949,0.5,"banana
","140"
"401","Caregiverlinguistic",168.04,169.04,1,"banana
","140"
"402","Caregiverlinguistic",174.38,174.84,0.46,"sopa
","140"
"403","Caregiverlinguistic",175.07,175.51,0.44,"sopa
","140"
"404","Caregiverlinguistic",176.49,177.07,0.58,"sopa
","140"
"405","Caregiverlinguistic",178.12,179.66,1.54,"sopa
","140"
"406","Caregiverlinguistic",208.46,209.32,0.86,"sandwich
","140"
"407","Caregiverlinguistic",209.73,210.39,0.66,"sandwich
","140"
"408","Caregiverlinguistic",212.22,212.92,0.7,"sandwich
","140"
"409","Caregiverlinguistic",213.71,214.87,1.16,"naranja
","140"
"410","Caregiverlinguistic",218.05,219.09,1.04,"lechuga
","140"
"411","Caregiverlinguistic",220.31,221.43,1.12,"cookie
","140"
"412","Caregiverlinguistic",226.068,227.554,1.486,"cookie
","140"
"413","Caregiverlinguistic",244.179,245.819,1.64,"lechuga
","140"
"414","Caregiverlinguistic",248.052,248.972,0.92,"cuchara
","140"
"415","Caregiverlinguistic",249.456,249.917,0.461,"cuchara
","140"
"416","Caregiverlinguistic",251.281,253.101,1.82,"cuchara
","140"
"417","Caregiverlinguistic",253.195,254.195,1,"cuchillo
","140"
"418","Caregiverlinguistic",262.915,264.295,1.38,"jugo
","140"
"419","Caregiverlinguistic",273.636,274.162,0.526,"fork
","140"
"420","Caregiverlinguistic",274.643,275.403,0.76,"fork
","140"
"421","Caregiverlinguistic",276.424,276.904,0.48,"fork
","140"
"422","Caregiverlinguistic",280.518,281.999,1.481,"spoon
","140"
"423","Caregiverlinguistic",296.257,296.743,0.486,"jugo
","140"
"424","Caregiverlinguistic",301.224,301.743,0.519,"jugo
","140"
"425","Caregiverlinguistic",304.09,304.57,0.48,"jugo
","140"
"426","Caregiverlinguistic",310.818,311.291,0.473,"jugo
","140"
"427","Caregiverlinguistic",315.176,315.526,0.35,"jugo
","140"
"428","Caregiverlinguistic",325.498,326.118,0.62,"fresa
","140"
"429","Caregiverlinguistic",336.986,338.126,1.14,"sandwhich
","140"
"430","Caregiverlinguistic",339.935,341.055,1.12,"sandwhich
","140"
"431","Caregiverlinguistic",26.318,27.556,1.238,"cazuela
","141"
"432","Caregiverlinguistic",28.428,29.088,0.66,"huevos
","141"
"433","Caregiverlinguistic",33.327,34.321,0.994,"galleta
","141"
"434","Caregiverlinguistic",35.514,36.256,0.742,"galleta
","141"
"435","Caregiverlinguistic",36.806,37.692,0.886,"galleta
","141"
"436","Caregiverlinguistic",42.499,43.19,0.691,"tomate
","141"
"437","Caregiverlinguistic",43.615,44.278,0.663,"tomates
","141"
"438","Caregiverlinguistic",47.563,48.469,0.906,"tomate
","141"
"439","Caregiverlinguistic",51.424,52.268,0.844,"tomate
","141"
"440","Caregiverlinguistic",52.858,53.985,1.127,"jitomate
","141"
"441","Caregiverlinguistic",54.565,55.369,0.804,"fresa
","141"
"442","Caregiverlinguistic",55.748,56.467,0.719,"fresa
","141"
"443","Caregiverlinguistic",57.402,57.986,0.584,"fresa
","141"
"444","Caregiverlinguistic",60.006,60.665,0.659,"fresa
","141"
"445","Caregiverlinguistic",65.456,67.099,1.643,"elote
","141"
"446","Caregiverlinguistic",68.556,69.176,0.62,"elote
","141"
"447","Caregiverlinguistic",73.522,74.139,0.617,"leche
","141"
"448","Caregiverlinguistic",76.435,76.989,0.554,"leche
","141"
"449","Caregiverlinguistic",78.133,78.937,0.804,"vaca
","141"
"450","Caregiverlinguistic",80.218,80.701,0.483,"vaca
","141"
"451","Caregiverlinguistic",83.84,84.271,0.431,"vaca
","141"
"452","Caregiverlinguistic",88.032,88.524,0.492,"vaca
","141"
"453","Caregiverlinguistic",89.311,90.185,0.874,"galleta
","141"
"454","Caregiverlinguistic",93.398,94.497,1.099,"aguacate
","141"
"455","Caregiverlinguistic",95.288,96.556,1.268,"aguacate
","141"
"456","Caregiverlinguistic",98.42,99.253,0.833,"aguacate
","141"
"457","Caregiverlinguistic",105.003,105.684,0.681,"aguacate
","141"
"458","Caregiverlinguistic",106.627,107.211,0.584,"brocoli
","141"
"459","Caregiverlinguistic",109.171,109.814,0.643,"brocoli
","141"
"460","Caregiverlinguistic",111.015,111.477,0.462,"galleta
","141"
"461","Caregiverlinguistic",111.677,112.108,0.431,"elote
","141"
"462","Caregiverlinguistic",114.744,115.237,0.493,"pan
","141"
"463","Caregiverlinguistic",117.255,117.844,0.589,"pan
","141"
"464","Caregiverlinguistic",120.439,121.1,0.661,"pan
","141"
"465","Caregiverlinguistic",122.633,123.883,1.25,"pan bimbo
","141"
"466","Caregiverlinguistic",125.865,126.738,0.873,"sandwhich
","141"
"467","Caregiverlinguistic",130.809,131.216,0.407,"galleta
","141"
"468","Caregiverlinguistic",132.276,132.814,0.538,"plato
","141"
"469","Caregiverlinguistic",136.706,137.333,0.627,"lechuga
","141"
"470","Caregiverlinguistic",138.475,139.142,0.667,"lechuga
","141"
"471","Caregiverlinguistic",140.327,140.728,0.401,"galleta
","141"
"472","Caregiverlinguistic",141.005,141.594,0.589,"elote
","141"
"473","Caregiverlinguistic",150.532,151.121,0.589,"taza
","141"
"474","Caregiverlinguistic",155.154,155.517,0.363,"taza
","141"
"475","Caregiverlinguistic",158.009,158.464,0.455,"taza
","141"
"476","Caregiverlinguistic",161.138,161.637,0.499,"agua
","141"
"477","Caregiverlinguistic",161.916,162.523,0.607,"leche
","141"
"478","Caregiverlinguistic",167.446,168.473,1.027,"banana
","141"
"479","Caregiverlinguistic",172.24,172.96,0.72,"banana
","141"
"480","Caregiverlinguistic",175.013,175.997,0.984,"tupper
","141"
"481","Caregiverlinguistic",177.366,178.065,0.699,"banana
","141"
"482","Caregiverlinguistic",180.644,181.813,1.169,"banana
","141"
"483","Caregiverlinguistic",182.424,183.556,1.132,"platano
","141"
"484","Caregiverlinguistic",184.502,185.08,0.578,"platano
","141"
"485","Caregiverlinguistic",187.488,187.951,0.463,"platano
","141"
"486","Caregiverlinguistic",190.275,190.796,0.521,"platano
","141"
"487","Caregiverlinguistic",193.25,194.515,1.265,"platano
","141"
"488","Caregiverlinguistic",195.378,196.293,0.915,"platano
","141"
"489","Caregiverlinguistic",199.779,200.247,0.468,"platano
","141"
"490","Caregiverlinguistic",204.589,205.078,0.489,"platano
","141"
"491","Caregiverlinguistic",205.875,206.257,0.382,"platano
","141"
"492","Caregiverlinguistic",206.671,207.251,0.58,"galleta
","141"
"493","Caregiverlinguistic",208.053,208.477,0.424,"galleta
","141"
"494","Caregiverlinguistic",208.639,209.054,0.415,"elote
","141"
"495","Caregiverlinguistic",210.732,211.058,0.326,"galleta
","141"
"496","Caregiverlinguistic",211.2,211.668,0.468,"elote
","141"
"497","Caregiverlinguistic",213.03,213.419,0.389,"agua
","141"
"498","Caregiverlinguistic",214.594,214.956,0.362,"agua
","141"
"499","Caregiverlinguistic",216.436,217.107,0.671,"vaso de agua
","141"
"500","Caregiverlinguistic",217.986,218.253,0.267,"agua
","141"
"501","Caregiverlinguistic",219.747,220.042,0.295,"agua
","141"
"502","Caregiverlinguistic",221.9,222.277,0.377,"galleta
","141"
"503","Caregiverlinguistic",223.254,223.554,0.3,"agua
","141"
"504","Caregiverlinguistic",224.394,224.67,0.276,"agua
","141"
"505","Caregiverlinguistic",226.344,226.615,0.271,"agua
","141"
"506","Caregiverlinguistic",227.141,227.536,0.395,"elote
","141"
"507","Caregiverlinguistic",228.132,228.543,0.411,"elote
","141"
"508","Caregiverlinguistic",232.558,233.77,1.212,"naranja
","141"
"509","Caregiverlinguistic",236.309,237.513,1.204,"naranja
","141"
"510","Caregiverlinguistic",238.235,239.563,1.328,"naranja
","141"
"511","Caregiverlinguistic",244.494,245.272,0.778,"galleta
","141"
"512","Caregiverlinguistic",245.942,246.507,0.565,"galleta
","141"
"513","Caregiverlinguistic",248.425,249.146,0.721,"galleta
","141"
"514","Caregiverlinguistic",257.952,258.413,0.461,"galleta
","141"
"515","Caregiverlinguistic",260.242,260.87,0.628,"galleta
","141"
"516","Caregiverlinguistic",263.093,263.625,0.532,"plato
","141"
"517","Caregiverlinguistic",264.791,265.414,0.623,"galleta
","141"
"518","Caregiverlinguistic",267.26,268.077,0.817,"galleta
","141"
"519","Caregiverlinguistic",270.135,271.056,0.921,"tomate
","141"
"520","Caregiverlinguistic",271.244,272.036,0.792,"tomate
","141"
"521","Caregiverlinguistic",272.777,273.573,0.796,"fresa
","141"
"522","Caregiverlinguistic",276.102,276.764,0.662,"brocoli
","141"
"523","Caregiverlinguistic",279.249,279.662,0.413,"plato
","141"
"524","Caregiverlinguistic",282.067,283.594,1.527,"cuchara
","141"
"525","Caregiverlinguistic",285.188,285.659,0.471,"papas
","141"
"526","Caregiverlinguistic",287.717,288.084,0.367,"papas
","141"
"527","Caregiverlinguistic",289.029,289.53,0.501,"galleta
","141"
"528","Caregiverlinguistic",292.272,292.832,0.56,"cuchillo
","141"
"529","Caregiverlinguistic",301.904,302.362,0.458,"puerta
","141"
"530","Caregiverlinguistic",306.306,307.13,0.824,"chicaros
","141"
"531","Caregiverlinguistic",307.728,308.309,0.581,"chicaros
","141"
"532","Caregiverlinguistic",313.644,314.085,0.441,"chicaros
","141"
"533","Caregiverlinguistic",327.364,328.419,1.055,"galletas
","141"
"534","Caregiverlinguistic",333.644,334.381,0.737,"cebolla
","141"
"535","Caregiverlinguistic",336.522,337.341,0.819,"cebolla
","141"
"536","Caregiverlinguistic",340.357,341.493,1.136,"cebolla
","141"
"537","Caregiverlinguistic",344.034,344.469,0.435,"cebolla
","141"
"538","Caregiverlinguistic",345.599,346.141,0.542,"galletas
","141"
"539","Caregiverlinguistic",348.416,348.774,0.358,"galletas
","141"
"540","Caregiverlinguistic",356.364,356.915,0.551,"agua
","141"
"541","Caregiverlinguistic",359.936,360.572,0.636,"galletas
","141"
"542","Caregiverlinguistic",361.588,362.744,1.156,"galletas de M&amp;M
","141"
"543","Caregiverlinguistic",366.33,366.748,0.418,"galleta
","141"
"544","Caregiverlinguistic",369.532,370.133,0.601,"galleta
","141"
"545","Caregiverlinguistic",372.563,373.147,0.584,"galleta
","141"
"546","Caregiverlinguistic",377.156,377.59,0.434,"cereal
","141"
"547","Caregiverlinguistic",379.912,380.244,0.332,"cereal
","141"
"548","Caregiverlinguistic",384.083,384.797,0.714,"tenedor
","141"
"549","Caregiverlinguistic",385.166,385.883,0.717,"cuchara
","141"
"550","Caregiverlinguistic",388.988,389.56,0.572,"tenedor
","141"
"551","Caregiverlinguistic",8.74,9.42,0.68,"galleta
","145"
"552","Caregiverlinguistic",13.96,15.06,1.1,"jugo de naranja
","145"
"553","Caregiverlinguistic",26.039,26.579,0.54,"frijoles
","145"
"554","Caregiverlinguistic",32.331,32.89,0.559,"frijoles
","145"
"555","Caregiverlinguistic",38.74,40.33,1.59,"brocoli
","145"
"556","Caregiverlinguistic",46.986,47.62,0.634,"cuchara
","145"
"557","Caregiverlinguistic",55.506,55.792,0.286,"huevo
","145"
"558","Caregiverlinguistic",61.937,63.007,1.07,"leche
","145"
"559","Caregiverlinguistic",63.451,64.223,0.772,"lechita
","145"
"560","Caregiverlinguistic",64.727,65.095,0.368,"lechita
","145"
"561","Caregiverlinguistic",65.218,65.739,0.521,"vaso
","145"
"562","Caregiverlinguistic",72.405,73.553,1.148,"leche
","145"
"563","Caregiverlinguistic",74.972,75.446,0.474,"leche
","145"
"564","Caregiverlinguistic",78.016,78.649,0.633,"lechita
","145"
"565","Caregiverlinguistic",83.484,84.071,0.587,"lechita
","145"
"566","Caregiverlinguistic",85.807,86.287,0.48,"leche
","145"
"567","Caregiverlinguistic",89.983,91.23,1.247,"leche
","145"
"568","Caregiverlinguistic",98.691,100.055,1.364,"elote
","145"
"569","Caregiverlinguistic",102.843,103.52,0.677,"elote
","145"
"570","Caregiverlinguistic",106.344,107.494,1.15,"fresa
","145"
"571","Caregiverlinguistic",109.223,109.997,0.774,"strawberry
","145"
"572","Caregiverlinguistic",127.864,128.289,0.425,"pan
","145"
"573","Caregiverlinguistic",178.086,179.056,0.97,"cuchara
","145"
"574","Caregiverlinguistic",181.489,181.96,0.471,"cafe
","145"
"575","Caregiverlinguistic",185.308,185.604,0.296,"cafe
","145"
"576","Caregiverlinguistic",189.23,189.736,0.506,"cafe
","145"
"577","Caregiverlinguistic",195.958,196.57,0.612,"platano
","145"
"578","Caregiverlinguistic",197.965,198.521,0.556,"platano
","145"
"579","Caregiverlinguistic",227.618,228.4,0.782,"jitomate
","145"
"580","Caregiverlinguistic",239.719,240.344,0.625,"jitomate
","145"
"581","Caregiverlinguistic",253.508,254.024,0.516,"jitomate
","145"
"582","Caregiverlinguistic",266.373,267.427,1.054,"aguacate
","145"
"583","Caregiverlinguistic",269.267,269.886,0.619,"aguacate
","145"
"584","Caregiverlinguistic",272.315,272.733,0.418,"cuchillo
","145"
"585","Caregiverlinguistic",289.118,289.722,0.604,"cuchillo
","145"
"586","Caregiverlinguistic",291.058,291.43,0.372,"suelo
","145"
"587","Caregiverlinguistic",292.918,293.336,0.418,"agaucate
","145"
"588","Caregiverlinguistic",293.483,293.782,0.299,"suelo
","145"
"589","Caregiverlinguistic",295.266,295.764,0.498,"cuchillo
","145"
"590","Caregiverlinguistic",318.599,319.173,0.574,"sopa
","145"
"591","Caregiverlinguistic",322.648,323.66,1.012,"jitomate
","145"
"592","Caregiverlinguistic",324.32,325.234,0.914,"brocoli
","145"
"593","Caregiverlinguistic",327.127,327.805,0.678,"elote
","145"
"594","Caregiverlinguistic",332.946,333.322,0.376,"cuchara
","145"
"595","Caregiverlinguistic",337.657,338.069,0.412,"sopa
","145"
"596","Caregiverlinguistic",343.322,343.706,0.384,"sopa
","145"
"597","Caregiverlinguistic",352.935,353.319,0.384,"sopa
","145"
"598","Caregiverlinguistic",11.921,12.74,0.819,"galleta
","150"
"599","Caregiverlinguistic",13.803,16.018,2.215,"galleta
","150"
"600","Caregiverlinguistic",37.332,38.332,1,"vaca
","150"
"601","Caregiverlinguistic",42.656,43.675,1.019,"vaca
","150"
"602","Caregiverlinguistic",49.429,49.989,0.56,"taza
","150"
"603","Caregiverlinguistic",52.469,53.45,0.981,"galleta
","150"
"604","Caregiverlinguistic",57.077,58.214,1.137,"aguacate
","150"
"605","Caregiverlinguistic",63.94,64.483,0.543,"aguacate
","150"
"606","Caregiverlinguistic",93.553,94.24,0.687,"cuchara
","150"
"607","Caregiverlinguistic",94.994,95.641,0.647,"banana
","150"
"608","Caregiverlinguistic",96.964,98.494,1.53,"banana
","150"
"609","Caregiverlinguistic",99.607,100.239,0.632,"banana
","150"
"610","Caregiverlinguistic",103.148,103.819,0.671,"brocoli
","150"
"611","Caregiverlinguistic",105.314,106.385,1.071,"brocoli
","150"
"612","Caregiverlinguistic",109.462,110.137,0.675,"brocoli
","150"
"613","Caregiverlinguistic",120.874,121.224,0.35,"fresa
","150"
"614","Caregiverlinguistic",124.627,125.559,0.932,"fresa
","150"
"615","Caregiverlinguistic",150.848,151.056,0.208,"fresa
","150"
"616","Caregiverlinguistic",150.848,151.254,0.406,"fresa
","150"
"617","Caregiverlinguistic",151.657,152.187,0.53,"cuchillo
","150"
"618","Caregiverlinguistic",166.214,167.094,0.88,"pan
","150"
"619","Caregiverlinguistic",168.969,169.837,0.868,"pan
","150"
"620","Caregiverlinguistic",173.846,174.896,1.05,"elote
","150"
"621","Caregiverlinguistic",187.652,188.222,0.57,"cazuela
","150"
"622","Caregiverlinguistic",191.955,192.477,0.522,"elote
","150"
"623","Caregiverlinguistic",193.121,193.358,0.237,"elote
","150"
"624","Caregiverlinguistic",193.121,193.524,0.403,"elote
","150"
"625","Caregiverlinguistic",195.953,196.498,0.545,"cazuela
","150"
"626","Caregiverlinguistic",209.882,210.415,0.533,"elote
","150"
"627","Caregiverlinguistic",209.882,210.615,0.733,"elote
","150"
"628","Caregiverlinguistic",213.498,213.874,0.376,"taza
","150"
"629","Caregiverlinguistic",213.498,213.974,0.476,"taza
","150"
"630","Caregiverlinguistic",218.732,219.198,0.466,"plato
","150"
"631","Caregiverlinguistic",218.799,219.165,0.366,"plato
","150"
"632","Caregiverlinguistic",221.253,221.934,0.681,"jitomate
","150"
"633","Caregiverlinguistic",221.354,221.769,0.415,"tomate
","150"
"634","Caregiverlinguistic",222.886,223.261,0.375,"tomate
","150"
"635","Caregiverlinguistic",222.886,223.46,0.574,"tomate
","150"
"636","Caregiverlinguistic",230.296,230.566,0.27,"aguita
","150"
"637","Caregiverlinguistic",230.296,230.865,0.569,"aguita
","150"
"638","Caregiverlinguistic",231.863,232.185,0.322,"jarra
","150"
"639","Caregiverlinguistic",231.863,232.417,0.554,"jarra
","150"
"640","Caregiverlinguistic",232.661,233.021,0.36,"agua
","150"
"641","Caregiverlinguistic",234.881,235.421,0.54,"aguita
","150"
"642","Caregiverlinguistic",241.999,242.96,0.961,"aplastador de jitomate
","150"
"643","Caregiverlinguistic",277.019,277.486,0.467,"chicharo
","150"
"644","Caregiverlinguistic",277.019,277.552,0.533,"chicharo
","150"
"645","Caregiverlinguistic",288.266,289.196,0.93,"cookie
","150"
"646","Caregiverlinguistic",289.221,289.951,0.73,"una
","150"
"647","Caregiverlinguistic",292.096,292.936,0.84,"cuatro
","150"
"648","Caregiverlinguistic",299.47,299.832,0.362,"chicharo
","150"
"649","Caregiverlinguistic",299.47,299.965,0.495,"chicharo
","150"
"650","Caregiverlinguistic",7.739,8.359,0.62,"sandwich
","157"
"651","Caregiverlinguistic",11.56,12.14,0.58,"sandwich
","157"
"652","Childlinguistic",13.62,14.56,0.94,"tapa
","157"
"653","Caregiverlinguistic",20.213,20.56,0.347,"taza
","157"
"654","Caregiverlinguistic",21.133,21.68,0.547,"cafe
","157"
"655","Caregiverlinguistic",22.252,22.906,0.654,"leche
","157"
"656","Childlinguistic",23.38,24.34,0.96,"leche
","157"
"657","Caregiverlinguistic",24.416,25.096,0.68,"leche
","157"
"658","Caregiverlinguistic",26.593,27.143,0.55,"leche
","157"
"659","Caregiverlinguistic",31.326,32.006,0.68,"fresa
","157"
"660","Caregiverlinguistic",47.526,48.399,0.873,"brocoli
","157"
"661","Caregiverlinguistic",51.69,52.73,1.04,"cebolla
","157"
"662","Childlinguistic",52.716,53.736,1.02,"cebolla
","157"
"663","Caregiverlinguistic",53.67,54.81,1.14,"cebolla
","157"
"664","Caregiverlinguistic",58.26,59.1,0.84,"elote
","157"
"665","Childlinguistic",58.923,59.923,1,"elote
","157"
"666","Caregiverlinguistic",59.56,60.72,1.16,"elote
","157"
"667","Caregiverlinguistic",62.9,64.013,1.113,"aguacate
","157"
"668","Caregiverlinguistic",66.15,66.896,0.746,"aguacate
","157"
"669","Caregiverlinguistic",71.423,72.43,1.007,"vaca
","157"
"670","Childlinguistic",72.312,72.992,0.68,"vaca
","157"
"671","Caregiverlinguistic",72.983,73.515,0.532,"vaca
","157"
"672","Caregiverlinguistic",74.016,74.423,0.407,"vaca
","157"
"673","Childlinguistic",78.346,78.959,0.613,"vaca
","157"
"674","Caregiverlinguistic",79.399,80.359,0.96,"vaca
","157"
"675","Caregiverlinguistic",86.172,87.159,0.987,"cazuela
","157"
"676","Caregiverlinguistic",89.192,89.718,0.526,"cuchara
","157"
"677","Caregiverlinguistic",95.339,95.947,0.608,"cazuela
","157"
"678","Caregiverlinguistic",109.182,109.655,0.473,"taza
","157"
"679","Childlinguistic",110.124,110.751,0.627,"taza
","157"
"680","Caregiverlinguistic",110.678,111.524,0.846,"taza
","157"
"681","Caregiverlinguistic",111.707,112.221,0.514,"cafe
","157"
"682","Caregiverlinguistic",113.557,113.984,0.427,"leche
","157"
"683","Childlinguistic",114.353,115.046,0.693,"leche
","157"
"684","Caregiverlinguistic",115.303,116.023,0.72,"leche
","157"
"685","Caregiverlinguistic",120.966,121.506,0.54,"leche
","157"
"686","Caregiverlinguistic",126.58,127.48,0.9,"jitomate
","157"
"687","Caregiverlinguistic",128.509,129.823,1.314,"jitomate
","157"
"688","Caregiverlinguistic",130.06,130.66,0.6,"cebolla
","157"
"689","Caregiverlinguistic",131.56,132,0.44,"cebolla
","157"
"690","Caregiverlinguistic",137.69,138.29,0.6,"brocoli
","157"
"691","Caregiverlinguistic",142.32,143.28,0.96,"brocoli
","157"
"692","Caregiverlinguistic",161.64,162.099,0.459,"cazuela
","157"
"693","Caregiverlinguistic",162.855,163.455,0.6,"cazuela
","157"
"694","Caregiverlinguistic",167.879,168.772,0.893,"brocoli
","157"
"695","Caregiverlinguistic",169.979,170.919,0.94,"fresa
","157"
"696","Caregiverlinguistic",176.189,176.929,0.74,"fresa
","157"
"697","Caregiverlinguistic",181.198,181.484,0.286,"cuchara
","157"
"698","Caregiverlinguistic",188.116,188.671,0.555,"cazuela
","157"
"699","Caregiverlinguistic",195.193,195.933,0.74,"platito
","157"
"700","Caregiverlinguistic",198.296,199.049,0.753,"brocoli
","157"
"701","Caregiverlinguistic",202.533,203.133,0.6,"plato
","157"
"702","Caregiverlinguistic",207.386,208.026,0.64,"galleta
","157"
"703","Caregiverlinguistic",208.419,208.946,0.527,"galleta
","157"
"704","Caregiverlinguistic",210.668,211.088,0.42,"galleta
","157"
"705","Caregiverlinguistic",212.614,213.242,0.628,"galleta
","157"
"706","Caregiverlinguistic",214.788,215.488,0.7,"galletas
","157"
"707","Caregiverlinguistic",218.598,219.104,0.506,"galleta
","157"
"708","Caregiverlinguistic",221.098,221.758,0.66,"galleta
","157"
"709","Caregiverlinguistic",222.988,223.308,0.32,"galletas
","157"
"710","Caregiverlinguistic",230.768,231.528,0.76,"huevos
","157"
"711","Caregiverlinguistic",235.928,236.494,0.566,"platito
","157"
"712","Caregiverlinguistic",238.738,239.143,0.405,"tenedor
","157"
"713","Childlinguistic",240.078,241.278,1.2,"tenedor
","157"
"714","Caregiverlinguistic",241.024,241.944,0.92,"tenedor
","157"
"715","Caregiverlinguistic",242.237,242.691,0.454,"tenedor
","157"
"716","Caregiverlinguistic",243.837,244.477,0.64,"cuchara
","157"
"717","Childlinguistic",245.19,246.197,1.007,"cuchara
","157"
"718","Caregiverlinguistic",246.153,247.02,0.867,"cuchara
","157"
"719","Caregiverlinguistic",247.419,247.992,0.573,"cuchara
","157"
"720","Caregiverlinguistic",249.816,250.856,1.04,"cuchara
","157"
"721","Caregiverlinguistic",253.276,254.049,0.773,"brocoli
","157"
"722","Caregiverlinguistic",254.228,254.995,0.767,"aguacate 
","157"
"723","Caregiverlinguistic",258.091,258.891,0.8,"cebolla
","157"
"724","Caregiverlinguistic",258.997,259.711,0.714,"cebolla
","157"
"725","Caregiverlinguistic",261.019,261.886,0.867,"pedacito de cebolla
","157"
"726","Caregiverlinguistic",263.684,264.424,0.74,"brocoli
","157"
"727","Caregiverlinguistic",283.654,284.214,0.56,"leche
","157"
"728","Caregiverlinguistic",287.754,288.314,0.56,"jugo
","157"
"729","Caregiverlinguistic",290.82,291.213,0.393,"galleta
","157"
"730","Caregiverlinguistic",292.013,292.613,0.6,"aguacate 
","157"
"731","Caregiverlinguistic",296.952,297.553,0.601,"plato
","157"
"732","Caregiverlinguistic",301.303,302.463,1.16,"cebolla
","157"
"733","Caregiverlinguistic",303.743,304.783,1.04,"cebolla
","157"
"734","Caregiverlinguistic",307.443,307.942,0.499,"cebolla
","157"
"735","Caregiverlinguistic",308.013,308.653,0.64,"jitomate
","157"
"736","Caregiverlinguistic",310.553,311.333,0.78,"jitomate
","157"
"737","Caregiverlinguistic",313.563,314.103,0.54,"jitomate
","157"
"738","Caregiverlinguistic",315.513,316.333,0.82,"jitomate
","157"
"739","Caregiverlinguistic",320.723,321.236,0.513,"brocoli
","157"
"740","Caregiverlinguistic",321.432,321.913,0.481,"brocoli
","157"
"741","Caregiverlinguistic",324.083,324.823,0.74,"cebolla
","157"
"742","Caregiverlinguistic",338.513,338.963,0.45,"sandwich
","157"
"743","Caregiverlinguistic",339.277,340.231,0.954,"sandwich de jamon
","157"
"744","Caregiverlinguistic",348.514,348.974,0.46,"pan
","157"
"745","Childlinguistic",350.764,351.564,0.8,"pan
","157"
"746","Caregiverlinguistic",351.444,352.164,0.72,"pan
","157"
"747","Caregiverlinguistic",352.544,352.824,0.28,"pan
","157"
"748","Caregiverlinguistic",353.35,353.764,0.414,"sandwich
","157"
"749","Caregiverlinguistic",354.004,354.51,0.506,"cebolla
","157"
"750","Caregiverlinguistic",355.284,356.564,1.28,"cebolla
","157"
"751","Caregiverlinguistic",356.824,358.03,1.206,"aguacate 
","157"
"752","Caregiverlinguistic",25.06,26.3,1.24,"galletas
","168"
"753","Caregiverlinguistic",27.599,28.2,0.601,"galleta
","168"
"754","Caregiverlinguistic",28.332,28.771,0.439,"dos
","168"
"755","Caregiverlinguistic",42.106,43.006,0.9,"sandwhich
","168"
"756","Caregiverlinguistic",43.33,44.35,1.02,"pan
","168"
"757","Caregiverlinguistic",52.56,53.34,0.78,"aguacate
","168"
"758","Caregiverlinguistic",55.096,55.763,0.667,"aguacate
","168"
"759","Caregiverlinguistic",58.4,59.68,1.28,"tomate
","168"
"760","Caregiverlinguistic",62.38,63.046,0.666,"fresa
","168"
"761","Caregiverlinguistic",68.393,68.979,0.586,"fresa
","168"
"762","Caregiverlinguistic",69.803,70.343,0.54,"fresa
","168"
"763","Caregiverlinguistic",72.809,73.643,0.834,"bananas
","168"
"764","Caregiverlinguistic",74.183,74.823,0.64,"bananas
","168"
"765","Caregiverlinguistic",78.969,79.583,0.614,"bananas
","168"
"766","Caregiverlinguistic",81.803,82.683,0.88,"bananas
","168"
"767","Caregiverlinguistic",89.643,90.296,0.653,"fresa
","168"
"768","Caregiverlinguistic",92.843,93.483,0.64,"fresas
","168"
"769","Caregiverlinguistic",98.943,99.603,0.66,"leche
","168"
"770","Caregiverlinguistic",100.293,101.033,0.74,"leche
","168"
"771","Caregiverlinguistic",104.982,105.463,0.481,"leche
","168"
"772","Caregiverlinguistic",108.1,109.44,1.34,"onion
","168"
"773","Caregiverlinguistic",110.15,110.909,0.759,"tacita
","168"
"774","Caregiverlinguistic",111.61,112.59,0.98,"vacitos
","168"
"775","Caregiverlinguistic",115.96,116.972,1.012,"jirafa
","168"
"776","Caregiverlinguistic",120.203,120.963,0.76,"sarten
","168"
"777","Caregiverlinguistic",124.083,125.143,1.06,"brocoli
","168"
"778","Caregiverlinguistic",125.456,126.269,0.813,"brocoli
","168"
"779","Caregiverlinguistic",128.201,128.607,0.406,"brocoli
","168"
"780","Caregiverlinguistic",130.64,131.32,0.68,"brocoli
","168"
"781","Caregiverlinguistic",132.951,133.591,0.64,"cuchara
","168"
"782","Caregiverlinguistic",137.491,138.291,0.8,"brocoli
","168"
"783","Caregiverlinguistic",141.424,142.731,1.307,"cucharas
","168"
"784","Caregiverlinguistic",144.461,145.767,1.306,"platitos
","168"
"785","Caregiverlinguistic",146.052,147.053,1.001,"lechuga
","168"
"786","Caregiverlinguistic",148.619,149.325,0.706,"lechuga
","168"
"787","Caregiverlinguistic",166.04,167.24,1.2,"brocoli
","168"
"788","Caregiverlinguistic",168.313,169.118,0.805,"galletas
","168"
"789","Caregiverlinguistic",175.776,176.503,0.727,"uno
","168"
"790","Caregiverlinguistic",178.713,179.513,0.8,"dos
","168"
"791","Caregiverlinguistic",181.693,182.413,0.72,"cuatro
","168"
"792","Caregiverlinguistic",188.533,189.373,0.84,"seis
","168"
"793","Caregiverlinguistic",189.533,190.193,0.66,"nueve
","168"
"794","Caregiverlinguistic",195.649,196.143,0.494,"fresa
","168"
"795","Caregiverlinguistic",198.159,198.773,0.614,"elote
","168"
"796","Caregiverlinguistic",201.693,202.153,0.46,"elote
","168"
"797","Caregiverlinguistic",204.713,205.533,0.82,"elote
","168"
"798","Caregiverlinguistic",209.829,210.376,0.547,"elote
","168"
"799","Caregiverlinguistic",216.323,216.943,0.62,"panes
","168"
"800","Caregiverlinguistic",268.159,269.233,1.074,"brocoli
","168"
"801","Caregiverlinguistic",291.852,292.432,0.58,"sartenes
","168"
"802","Caregiverlinguistic",297.353,297.962,0.609,"galleta
","168"
"803","Caregiverlinguistic",303.75,304.483,0.733,"galletas
","168"
"804","Caregiverlinguistic",308.834,309.554,0.72,"tres
","168"
"805","Caregiverlinguistic",311.774,312.914,1.14,"cuatro
","168"
"806","Caregiverlinguistic",314.56,315.28,0.72,"galletas
","168"
"807","Caregiverlinguistic",316.535,317.143,0.608,"galleta
","168"
"808","Caregiverlinguistic",319.246,319.766,0.52,"galleta
","168"
"809","Caregiverlinguistic",327.37,328.07,0.7,"pan
","168"
"810","Caregiverlinguistic",332.546,333.16,0.614,"leche
","168"
"811","Caregiverlinguistic",337.046,337.953,0.907,"tacita de leche
","168"
"812","Caregiverlinguistic",22.886,23.42,0.534,"plato
","182"
"813","Caregiverlinguistic",58.192,58.559,0.367,"plato
","182"
"814","Caregiverlinguistic",61.379,62.093,0.714,"manzana
","182"
"815","Caregiverlinguistic",63.505,63.965,0.46,"plato
","182"
"816","Caregiverlinguistic",68.28,68.9,0.62,"naranja
","182"
"817","Caregiverlinguistic",69.876,70.33,0.454,"naranja
","182"
"818","Caregiverlinguistic",71.683,72.723,1.04,"pedacito de naranja
","182"
"819","Caregiverlinguistic",82.613,84.1,1.487,"cuchara
","182"
"820","Caregiverlinguistic",115.7,116.3,0.6,"vaso
","182"
"821","Caregiverlinguistic",116.979,118.06,1.081,"vaso con agua
","182"
"822","Caregiverlinguistic",121.778,122.212,0.434,"agua
","182"
"823","Caregiverlinguistic",122.807,122.994,0.187,"agua
","182"
"824","Caregiverlinguistic",128.806,129.1,0.294,"agua
","182"
"825","Caregiverlinguistic",131.592,132.954,1.362,"galleta
","182"
"826","Caregiverlinguistic",133.223,133.559,0.336,"galleta
","182"
"827","Caregiverlinguistic",133.77,134.07,0.3,"plato
","182"
"828","Caregiverlinguistic",138.573,139.07,0.497,"leche
","182"
"829","Caregiverlinguistic",140.564,141.07,0.506,"leche
","182"
"830","Caregiverlinguistic",147.172,147.75,0.578,"galleta
","182"
"831","Caregiverlinguistic",149.984,150.669,0.685,"galleta
","182"
"832","Caregiverlinguistic",166.314,166.876,0.562,"plato
","182"
"833","Caregiverlinguistic",167.791,168.164,0.373,"plato
","182"
"834","Caregiverlinguistic",174.423,174.912,0.489,"elote
","182"
"835","Caregiverlinguistic",178.125,178.627,0.502,"elote
","182"
"836","Caregiverlinguistic",182.233,182.751,0.518,"elote
","182"
"837","Caregiverlinguistic",189.366,191.222,1.856,"fresa
","182"
"838","Caregiverlinguistic",193.129,193.692,0.563,"fresa
","182"
"839","Caregiverlinguistic",198.155,198.993,0.838,"galletas
","182"
"840","Caregiverlinguistic",201.747,202.434,0.687,"galletas
","182"
"841","Caregiverlinguistic",203.435,203.898,0.463,"plato
","182"
"842","Caregiverlinguistic",204.504,204.884,0.38,"plato
","182"
"843","Caregiverlinguistic",207.677,208.097,0.42,"plato
","182"
"844","Caregiverlinguistic",212.792,213.247,0.455,"plato
","182"
"845","Caregiverlinguistic",214.612,215.022,0.41,"plato
","182"
"846","Caregiverlinguistic",219.648,219.982,0.334,"plato
","182"
"847","Caregiverlinguistic",222.912,223.45,0.538,"vaso
","182"
"848","Caregiverlinguistic",231.189,231.961,0.772,"naranja
","182"
"849","Caregiverlinguistic",234.915,235.263,0.348,"plato
","182"
"850","Caregiverlinguistic",241.532,241.967,0.435,"sopa
","182"
"851","Caregiverlinguistic",244.469,244.897,0.428,"sopa
","182"
"852","Caregiverlinguistic",247.02,248.275,1.255,"brocoli
","182"
"853","Caregiverlinguistic",251.587,252.4,0.813,"jitomate
","182"
"854","Caregiverlinguistic",254.331,254.832,0.501,"jitomate
","182"
"855","Caregiverlinguistic",254.981,255.285,0.304,"olla
","182"
"856","Caregiverlinguistic",263.856,264.451,0.595,"chicharos
","182"
"857","Caregiverlinguistic",273.735,275.477,1.742,"aguacate
","182"
"858","Caregiverlinguistic",275.762,276.909,1.147,"tomate
","182"
"859","Caregiverlinguistic",286.653,287.085,0.432,"cuchara
","182"
"860","Caregiverlinguistic",308.35,309.347,0.997,"banana
","182"
"861","Caregiverlinguistic",325.328,325.788,0.46,"banana
","182"
"862","Caregiverlinguistic",335.072,335.615,0.543,"banana
","182"
"863","Caregiverlinguistic",338.928,339.536,0.608,"banana
","182"
"864","Caregiverlinguistic",341.85,342.282,0.432,"cuchillo
","182"
"865","Caregiverlinguistic",343.958,344.347,0.389,"banana
","182"
"866","Caregiverlinguistic",350.398,351.202,0.804,"pedazo de banana
","182"
"867","Caregiverlinguistic",351.67,352.155,0.485,"banana
","182"
"868","Caregiverlinguistic",352.841,353.247,0.406,"banana
","182"
"869","Caregiverlinguistic",357.728,358.588,0.86,"banana
","182"
"870","Caregiverlinguistic",364.427,364.997,0.57,"cuchara
","182"
"871","Caregiverlinguistic",366.392,366.982,0.59,"cuchara
","182"
"872","Caregiverlinguistic",370.832,371.33,0.498,"sopa
","182"
"873","Caregiverlinguistic",372.087,372.506,0.419,"sopa
","182"
"874","Caregiverlinguistic",376.079,376.524,0.445,"sopa
","182"
"875","Caregiverlinguistic",9.42,10.52,1.1,"naranja
","190"
"876","Caregiverlinguistic",11.92,12.82,0.9,"apple
","190"
"877","Caregiverlinguistic",11.92,12.82,0.9,"apple
","190"
"878","Caregiverlinguistic",13.579,14.18,0.601,"apple
","190"
"879","Childlinguistic",14.62,15.34,0.72,"apple
","190"
"880","Caregiverlinguistic",15.36,16.56,1.2,"apple
","190"
"881","Caregiverlinguistic",18.861,19.961,1.1,"elote
","190"
"882","Caregiverlinguistic",20.359,21.039,0.68,"elote
","190"
"883","Caregiverlinguistic",22.935,23.895,0.96,"elote
","190"
"884","Caregiverlinguistic",25.678,26.912,1.234,"elote
","190"
"885","Caregiverlinguistic",34.063,35.049,0.986,"vaca
","190"
"886","Caregiverlinguistic",38.543,39.343,0.8,"vaca
","190"
"887","Caregiverlinguistic",49.571,50.198,0.627,"te
","190"
"888","Caregiverlinguistic",51.659,52.359,0.7,"te
","190"
"889","Caregiverlinguistic",53.241,53.646,0.405,"taza
","190"
"890","Caregiverlinguistic",53.947,54.521,0.574,"te
","190"
"891","Caregiverlinguistic",55.994,56.454,0.46,"te
","190"
"892","Caregiverlinguistic",57.453,58.313,0.86,"te
","190"
"893","Caregiverlinguistic",61.586,62.646,1.06,"cuchara
","190"
"894","Caregiverlinguistic",68.768,69.207,0.439,"cuchara
","190"
"895","Caregiverlinguistic",71.658,72.039,0.381,"huevito
","190"
"896","Caregiverlinguistic",78.076,78.716,0.64,"cookie
","190"
"897","Caregiverlinguistic",82.51,83.083,0.573,"cookie
","190"
"898","Caregiverlinguistic",91.662,92.662,1,"plato
","190"
"899","Caregiverlinguistic",109.297,110.137,0.84,"pan
","190"
"900","Caregiverlinguistic",111.237,111.844,0.607,"pan
","190"
"901","Caregiverlinguistic",113.503,114.47,0.967,"pan
","190"
"902","Caregiverlinguistic",124.805,125.685,0.88,"pan
","190"
"903","Caregiverlinguistic",130.559,131.018,0.459,"fresa
","190"
"904","Caregiverlinguistic",133.46,134.28,0.82,"fresa
","190"
"905","Caregiverlinguistic",138.828,140.348,1.52,"brocoli
","190"
"906","Caregiverlinguistic",140.932,141.652,0.72,"brocoli
","190"
"907","Caregiverlinguistic",146.611,147.651,1.04,"platano
","190"
"908","Caregiverlinguistic",164.893,165.546,0.653,"cazuela
","190"
"909","Caregiverlinguistic",197.565,197.939,0.374,"cazuela
","190"
"910","Caregiverlinguistic",224.32,225.1,0.78,"aguacate
","190"
"911","Caregiverlinguistic",253.572,254.56,0.988,"aguacate
","190"
"912","Caregiverlinguistic",255.874,257.322,1.448,"aguacate
","190"
"913","Caregiverlinguistic",255.874,257.322,1.448,"aguacate
","190"
"914","Caregiverlinguistic",290.595,291.815,1.22,"galleta
","190"
"915","Caregiverlinguistic",290.595,291.815,1.22,"galleta
","190"
"916","Caregiverlinguistic",303.324,304.144,0.82,"te
","190"
"917","Caregiverlinguistic",306.274,307.094,0.82,"te
","190"
"918","Caregiverlinguistic",310.037,310.664,0.627,"te
","190"
"919","Caregiverlinguistic",317.924,318.724,0.8,"te
","190"
"920","Caregiverlinguistic",320.144,320.55,0.406,"te
","190"
"921","Caregiverlinguistic",336.7,337.32,0.62,"banana
","190"
"922","Caregiverlinguistic",338.999,339.736,0.737,"platano
","190"
"923","Caregiverlinguistic",12.759,13.912,1.153,"naranja
","192"
"924","Caregiverlinguistic",15.06,16.4,1.34,"naranja
","192"
"925","Caregiverlinguistic",17.9,18.78,0.88,"naranjas
","192"
"926","Caregiverlinguistic",24.373,25.273,0.9,"frijoles
","192"
"927","Caregiverlinguistic",25.683,26.343,0.66,"frijoles
","192"
"928","Caregiverlinguistic",26.383,27.163,0.78,"habichuelas
","192"
"929","Caregiverlinguistic",27.213,27.753,0.54,"frijoles
","192"
"930","Caregiverlinguistic",27.763,28.343,0.58,"habichuelas
","192"
"931","Caregiverlinguistic",31.659,32.393,0.734,"habichuelas
","192"
"932","Caregiverlinguistic",48.252,48.565,0.313,"plato
","192"
"933","Caregiverlinguistic",52.401,52.834,0.433,"papitas
","192"
"934","Caregiverlinguistic",58.35,59.357,1.007,"aguacate
","192"
"935","Caregiverlinguistic",59.883,60.737,0.854,"aguacate
","192"
"936","Caregiverlinguistic",69.75,71.07,1.32,"fresa
","192"
"937","Caregiverlinguistic",71.869,72.51,0.641,"fresas
","192"
"938","Caregiverlinguistic",80.816,81.823,1.007,"fresa
","192"
"939","Caregiverlinguistic",82.065,83.325,1.26,"platanos
","192"
"940","Caregiverlinguistic",84.941,85.694,0.753,"platanos
","192"
"941","Caregiverlinguistic",91.383,92.923,1.54,"platano
","192"
"942","Caregiverlinguistic",104.262,104.962,0.7,"platano
","192"
"943","Caregiverlinguistic",107.377,107.958,0.581,"platano
","192"
"944","Caregiverlinguistic",111.453,112.021,0.568,"platano
","192"
"945","Caregiverlinguistic",115.189,116.209,1.02,"platano
","192"
"946","Caregiverlinguistic",118.753,119.393,0.64,"pan
","192"
"947","Caregiverlinguistic",120.011,120.791,0.78,"pan
","192"
"948","Caregiverlinguistic",124.985,125.898,0.913,"cuchillo
","192"
"949","Caregiverlinguistic",129.106,129.418,0.312,"cuchillo
","192"
"950","Caregiverlinguistic",134.617,135.417,0.8,"pan
","192"
"951","Caregiverlinguistic",138.614,139.188,0.574,"pan
","192"
"952","Caregiverlinguistic",157.374,157.794,0.42,"cuchillo
","192"
"953","Caregiverlinguistic",171.113,171.54,0.427,"tea
","192"
"954","Caregiverlinguistic",173.157,173.456,0.299,"tea
","192"
"955","Caregiverlinguistic",176.379,177.199,0.82,"tea
","192"
"956","Caregiverlinguistic",177.609,177.969,0.36,"tea
","192"
"957","Caregiverlinguistic",180.964,181.964,1,"tea
","192"
"958","Caregiverlinguistic",191.786,192.42,0.634,"galleta
","192"
"959","Caregiverlinguistic",193.251,193.871,0.62,"galletas
","192"
"960","Caregiverlinguistic",229.225,229.673,0.448,"te
","192"
"961","Caregiverlinguistic",231.192,231.465,0.273,"te
","192"
"962","Caregiverlinguistic",236.647,237.48,0.833,"elote
","192"
"963","Caregiverlinguistic",241.331,241.817,0.486,"pan
","192"
"964","Caregiverlinguistic",242.816,243.068,0.252,"pan
","192"
"965","Caregiverlinguistic",247.36,247.8,0.44,"pan
","192"
"966","Caregiverlinguistic",254.619,255.099,0.48,"pan
","192"
"967","Caregiverlinguistic",259.34,260.32,0.98,"jitomate
","192"
"968","Caregiverlinguistic",261.63,262.384,0.754,"jitomate
","192"
"969","Caregiverlinguistic",278.327,279.347,1.02,"brocoli
","192"
"970","Caregiverlinguistic",281.09,281.65,0.56,"brocoli
","192"
"971","Caregiverlinguistic",304.228,304.816,0.588,"plato
","192"
"972","Caregiverlinguistic",306.676,307.015,0.339,"brocoli
","192"
"973","Caregiverlinguistic",309.452,309.816,0.364,"galleta
","192"
"974","Caregiverlinguistic",315.063,315.522,0.459,"galletas
","192"
"975","Caregiverlinguistic",322.948,323.46,0.512,"cebolla
","192"
"976","Caregiverlinguistic",323.752,324.239,0.487,"cebolla
","192"
"977","Caregiverlinguistic",327.286,328.146,0.86,"cebolla
","192"
"978","Caregiverlinguistic",333.149,333.468,0.319,"cuchillo
","192"
"979","Caregiverlinguistic",38.568,39.313,0.745,"tomate
","193"
"980","Caregiverlinguistic",40.029,40.774,0.745,"tomate
","193"
"981","Caregiverlinguistic",50.744,51.607,0.863,"baano
","193"
"982","Caregiverlinguistic",51.842,52.665,0.823,"banano
","193"
"983","Caregiverlinguistic",65.257,66.266,1.009,"galleta
","193"
"984","Caregiverlinguistic",66.501,67.192,0.691,"galletita
","193"
"985","Caregiverlinguistic",81.177,81.869,0.692,"galleta
","193"
"986","Caregiverlinguistic",97.714,98.312,0.598,"vasita
","193"
"987","Caregiverlinguistic",98.577,99.06,0.483,"aguita
","193"
"988","Caregiverlinguistic",105.783,106.532,0.749,"galletita
","193"
"989","Caregiverlinguistic",132.725,133.498,0.773,"vasita
","193"
"990","Caregiverlinguistic",136.24,137.003,0.763,"lechita
","193"
"991","Caregiverlinguistic",137.127,137.65,0.523,"leche
","193"
"992","Caregiverlinguistic",153.982,154.665,0.683,"brocoli
","193"
"993","Caregiverlinguistic",155.723,156.367,0.644,"brocoli
","193"
"994","Caregiverlinguistic",164.822,165.92,1.098,"banano
","193"
"995","Caregiverlinguistic",167.724,168.564,0.84,"galleta
","193"
"996","Caregiverlinguistic",178.067,178.754,0.687,"cuchara
","193"
"997","Caregiverlinguistic",181.863,182.351,0.488,"pan
","193"
"998","Caregiverlinguistic",211.916,212.587,0.671,"vasita
","193"
"999","Caregiverlinguistic",227.489,228.646,1.157,"cudichita
","193"
"1000","Caregiverlinguistic",229.146,229.989,0.843,"cuchillita
","193"
"1001","Caregiverlinguistic",20.106,21.76,1.654,"aguacate
","196"
"1002","Caregiverlinguistic",29.8,30.82,1.02,"naranja
","196"
"1003","Caregiverlinguistic",31.743,33.73,1.987,"naranja
","196"
"1004","Caregiverlinguistic",35.566,36.16,0.594,"galleta
","196"
"1005","Caregiverlinguistic",37.022,37.643,0.621,"galleta
","196"
"1006","Caregiverlinguistic",39.013,39.56,0.547,"galleta
","196"
"1007","Caregiverlinguistic",42.779,43.719,0.94,"galleta
","196"
"1008","Caregiverlinguistic",48.413,48.84,0.427,"fresa
","196"
"1009","Caregiverlinguistic",50.156,50.77,0.614,"fresa
","196"
"1010","Caregiverlinguistic",73.56,75.1,1.54,"naranja
","196"
"1011","Caregiverlinguistic",78.154,78.557,0.403,"fresa
","196"
"1012","Caregiverlinguistic",80.392,80.914,0.522,"fresa
","196"
"1013","Caregiverlinguistic",82.142,82.814,0.672,"fresa
","196"
"1014","Caregiverlinguistic",87.942,88.972,1.03,"fresa
","196"
"1015","Caregiverlinguistic",102.165,103.532,1.367,"galleta
","196"
"1016","Caregiverlinguistic",112.962,113.602,0.64,"plato
","196"
"1017","Caregiverlinguistic",114.118,114.541,0.423,"plato
","196"
"1018","Caregiverlinguistic",114.991,115.446,0.455,"plato
","196"
"1019","Caregiverlinguistic",116.87,117.405,0.535,"plato
","196"
"1020","Caregiverlinguistic",119.512,120.2,0.688,"plato
","196"
"1021","Caregiverlinguistic",125.854,126.354,0.5,"plato
","196"
"1022","Caregiverlinguistic",131.142,131.547,0.405,"pan
","196"
"1023","Caregiverlinguistic",133.849,134.544,0.695,"pan
","196"
"1024","Caregiverlinguistic",143.786,144.549,0.763,"pan
","196"
"1025","Caregiverlinguistic",145.827,146.452,0.625,"pan
","196"
"1026","Caregiverlinguistic",148.479,149.112,0.633,"pan
","196"
"1027","Caregiverlinguistic",150.727,151.325,0.598,"agua
","196"
"1028","Caregiverlinguistic",151.619,152.069,0.45,"agua
","196"
"1029","Caregiverlinguistic",154.052,154.459,0.407,"agua
","196"
"1030","Caregiverlinguistic",169.252,170.129,0.877,"vaca
","196"
"1031","Caregiverlinguistic",171.667,172.507,0.84,"vaca
","196"
"1032","Caregiverlinguistic",181.657,182.807,1.15,"platano
","196"
"1033","Caregiverlinguistic",185.502,186.247,0.745,"platano
","196"
"1034","Caregiverlinguistic",187.385,188.137,0.752,"platano
","196"
"1035","Caregiverlinguistic",201.614,202.794,1.18,"platano
","196"
"1036","Caregiverlinguistic",204.279,205.612,1.333,"platano
","196"
"1037","Caregiverlinguistic",207.295,208.268,0.973,"platano
","196"
"1038","Caregiverlinguistic",213.674,214.694,1.02,"fresa
","196"
"1039","Caregiverlinguistic",237.672,238.232,0.56,"olla
","196"
"1040","Caregiverlinguistic",239.952,240.627,0.675,"cuchara
","196"
"1041","Caregiverlinguistic",241.273,241.685,0.412,"cuchara
","196"
"1042","Caregiverlinguistic",243.537,244.197,0.66,"cuchara
","196"
"1043","Caregiverlinguistic",249.372,249.783,0.411,"sarten
","196"
"1044","Caregiverlinguistic",250.237,250.83,0.593,"cucharota
","196"
"1045","Caregiverlinguistic",263.975,264.543,0.568,"cuchara
","196"
"1046","Caregiverlinguistic",265.024,265.572,0.548,"cuchara
","196"
"1047","Caregiverlinguistic",266.463,267.003,0.54,"cuchara
","196"
"1048","Caregiverlinguistic",277.548,279.091,1.543,"jitomate
","196"
"1049","Caregiverlinguistic",284.091,285.683,1.592,"jitomate
","196"
"1050","Caregiverlinguistic",289.567,290.616,1.049,"cuchara
","196"
"1051","Caregiverlinguistic",305.833,306.966,1.133,"elote
","196"
"1052","Caregiverlinguistic",311.371,311.733,0.362,"pan
","196"
"1053","Caregiverlinguistic",314.509,315.058,0.549,"pan
","196"
"1054","Caregiverlinguistic",320.083,320.82,0.737,"plato
","196"
"1055","Caregiverlinguistic",332.397,333.293,0.896,"fresa
","196"
"1056","Caregiverlinguistic",334.58,335.547,0.967,"platano
","196"
"1057","Caregiverlinguistic",336.774,337.982,1.208,"brocoli
","196"
"1058","Caregiverlinguistic",339.057,339.889,0.832,"jitomate
","196"
"1059","Caregiverlinguistic",341.367,341.892,0.525,"elote
","196"
"1060","Caregiverlinguistic",345.638,346.534,0.896,"=jitomate
","196"
"1061","Caregiverlinguistic",55.915,56.585,0.67,"pan
","232"
"1062","Caregiverlinguistic",68.575,69.65,1.075,"jitomate
","232"
"1063","Caregiverlinguistic",100.157,101.007,0.85,"naranja 
","232"
"1064","Caregiverlinguistic",103.575,105.09,1.515,"brocoli
","232"
"1065","Caregiverlinguistic",106.107,107.232,1.125,"brocoli
","232"
"1066","Caregiverlinguistic",109.595,110.374,0.779,"galleta
","232"
"1067","Caregiverlinguistic",111.969,112.63,0.661,"brocoli
","232"
"1068","Caregiverlinguistic",122.1,122.66,0.56,"brocoli
","232"
"1069","Caregiverlinguistic",126.895,127.723,0.828,"aguacate
","232"
"1070","Caregiverlinguistic",129.75,130.382,0.632,"vaso
","232"
"1071","Caregiverlinguistic",139.669,140.274,0.605,"cuchillo
","232"
"1072","Caregiverlinguistic",144.195,144.81,0.615,"frijoles
","232"
"1073","Caregiverlinguistic",153.405,154.52,1.115,"pure de papas
","232"
"1074","Caregiverlinguistic",157.725,158.445,0.72,"cebolla
","232"
"1075","Caregiverlinguistic",161.89,163.1,1.21,"platano
","232"
"1076","Caregiverlinguistic",163.8,164.645,0.845,"platano
","232"
"1077","Caregiverlinguistic",188.821,189.38,0.559,"cachuela
","232"
"1078","Caregiverlinguistic",195.753,196.244,0.491,"elote
","232"
"1079","Caregiverlinguistic",206.058,206.763,0.705,"milpa
","232"
"1080","Caregiverlinguistic",225.051,225.645,0.594,"leche
","232"
"1081","Caregiverlinguistic",226.587,227.115,0.528,"vaca
","232"
"1082","Caregiverlinguistic",229.816,230.478,0.662,"Vaca Lola
","232"
"1083","Caregiverlinguistic",238.512,239.377,0.865,"fresa
","232"
"1084","Caregiverlinguistic",245.414,245.921,0.507,"fresas
","232"
"1085","Caregiverlinguistic",252.67,253.335,0.665,"fresa  
","232"
"1086","Caregiverlinguistic",269.472,270.147,0.675,"platos
","232"
"1087","Caregiverlinguistic",273.28,274.23,0.95,"galletas
","232"
"1088","Caregiverlinguistic",276.84,277.453,0.613,"platos
","232"
"1089","Caregiverlinguistic",282.086,282.716,0.63,"chicharos
","232"
"1090","Caregiverlinguistic",294.75,295.59,0.84,"chicharos
","232"
"1091","Caregiverlinguistic",303.93,304.782,0.852,"galletas
","232"
"1092","Caregiverlinguistic",332.305,332.841,0.536,"leche
","232"
"1093","Caregiverlinguistic",334.91,335.425,0.515,"leche
","232"
"1094","Caregiverlinguistic",337.747,338.242,0.495,"leche
","232"
"1095","Caregiverlinguistic",33.826,34.346,0.52,"banana
","260"
"1096","Caregiverlinguistic",36.859,37.619,0.76,"banana
","260"
"1097","Caregiverlinguistic",38.59,39.79,1.2,"elote
","260"
"1098","Caregiverlinguistic",44.102,44.549,0.447,"agua
","260"
"1099","Caregiverlinguistic",44.882,45.255,0.373,"agua
","260"
"1100","Caregiverlinguistic",46.142,46.662,0.52,"pan
","260"
"1101","Caregiverlinguistic",48.822,49.794,0.972,"aguacate
","260"
"1102","Caregiverlinguistic",54.247,54.888,0.641,"aguacate
","260"
"1103","Caregiverlinguistic",58.782,59.882,1.1,"naranja
","260"
"1104","Caregiverlinguistic",60.286,60.925,0.639,"tomate
","260"
"1105","Caregiverlinguistic",70.167,70.785,0.618,"banana
","260"
"1106","Caregiverlinguistic",75.909,76.35,0.441,"banana
","260"
"1107","Caregiverlinguistic",86.913,87.603,0.69,"banana
","260"
"1108","Caregiverlinguistic",97.017,97.617,0.6,"banana
","260"
"1109","Caregiverlinguistic",102.737,103.099,0.362,"banana
","260"
"1110","Caregiverlinguistic",116.176,116.848,0.672,"banana
","260"
"1111","Caregiverlinguistic",121.38,121.894,0.514,"banana
","260"
"1112","Caregiverlinguistic",126.031,126.49,0.459,"fresa
","260"
"1113","Caregiverlinguistic",135.434,135.917,0.483,"cookie
","260"
"1114","Caregiverlinguistic",140.638,141.287,0.649,"leche
","260"
"1115","Caregiverlinguistic",141.905,142.891,0.986,"leche
","260"
"1116","Childlinguistic",147.235,147.835,0.6,"leche
","260"
"1117","Caregiverlinguistic",148.016,148.654,0.638,"leche
","260"
"1118","Childlinguistic",153.876,154.499,0.623,"leche
","260"
"1119","Caregiverlinguistic",170.234,170.687,0.453,"plato
","260"
"1120","Caregiverlinguistic",176.852,177.357,0.505,"cuchara
","260"
"1121","Caregiverlinguistic",197.317,197.857,0.54,"cebolla
","260"
"1122","Caregiverlinguistic",205.791,206.276,0.485,"naranja
","260"
"1123","Caregiverlinguistic",209.969,210.919,0.95,"agua
","260"
"1124","Caregiverlinguistic",215.087,215.516,0.429,"leche
","260"
"1125","Caregiverlinguistic",216.172,216.591,0.419,"leche
","260"
"1126","Caregiverlinguistic",219.921,220.283,0.362,"leche
","260"
"1127","Caregiverlinguistic",226.341,226.833,0.492,"leche
","260"
"1128","Caregiverlinguistic",227.911,228.547,0.636,"cookie
","260"
"1129","Caregiverlinguistic",230.548,230.812,0.264,"leche
","260"
"1130","Caregiverlinguistic",240.252,240.578,0.326,"leche
","260"
"1131","Caregiverlinguistic",251.966,252.426,0.46,"cazuela
","260"
"1132","Caregiverlinguistic",257.962,258.354,0.392,"tapa
","260"
"1133","Caregiverlinguistic",269.311,270.051,0.74,"elotes
","260"
"1134","Caregiverlinguistic",277.138,277.4,0.262,"pan
","260"
"1135","Caregiverlinguistic",277.988,278.583,0.595,"sandwich
","260"
"1136","Caregiverlinguistic",282.724,283.394,0.67,"sandwich
","260"
"1137","Caregiverlinguistic",288.565,289.195,0.63,"sandwich
","260"
"1138","Caregiverlinguistic",313.549,314.201,0.652,"lechuga
","260"
"1139","Caregiverlinguistic",315.626,316.649,1.023,"sandwich de lechuga
","260"
"1140","Caregiverlinguistic",323.03,323.613,0.583,"sandwich
","260"
"1141","Caregiverlinguistic",325.564,326.154,0.59,"brocoli
","260"
"1142","Caregiverlinguistic",336.371,336.901,0.53,"tablita
","260"
"1143","Caregiverlinguistic",337.76,338.11,0.35,"tablita
","260"
"1144","Caregiverlinguistic",338.857,339.371,0.514,"brocoli
","260"
"1145","Caregiverlinguistic",358.297,358.896,0.599,"aguacate
","260"
"1146","Caregiverlinguistic",359.693,360.131,0.438,"aguacate
","260"
"1147","Caregiverlinguistic",368.602,369.131,0.529,"cuchillito
","260"
"1148","Caregiverlinguistic",17.983,18.786,0.803,"aguacate
","308"
"1149","Caregiverlinguistic",49.386,50.045,0.659,"cuchara
","308"
"1150","Caregiverlinguistic",72.853,73.586,0.733,"cebolla
","308"
"1151","Caregiverlinguistic",81.493,82.093,0.6,"galleta
","308"
"1152","Caregiverlinguistic",87.258,87.886,0.628,"naranja
","308"
"1153","Caregiverlinguistic",90.193,90.786,0.593,"naranja
","308"
"1154","Caregiverlinguistic",95.473,96.233,0.76,"fresa
","308"
"1155","Caregiverlinguistic",120.564,121.278,0.714,"broccoli
","308"
"1156","Caregiverlinguistic",131.906,132.498,0.592,"ejote
","308"
"1157","Caregiverlinguistic",137.12,138.066,0.946,"ejote
","308"
"1158","Caregiverlinguistic",169.218,169.844,0.626,"plato
","308"
"1159","Caregiverlinguistic",173.433,174.386,0.953,"cebolla
","308"
"1160","Caregiverlinguistic",185.109,185.569,0.46,"pan
","308"
"1161","Caregiverlinguistic",197.558,198.112,0.554,"fresa
","308"
"1162","Caregiverlinguistic",243.019,243.399,0.38,"pan
","308"
"1163","Caregiverlinguistic",257.828,258.502,0.674,"lechuga
","308"
"1164","Caregiverlinguistic",259.117,259.511,0.394,"lechuga
","308"
"1165","Caregiverlinguistic",260.461,261.348,0.887,"ensalada
","308"
"1166","Caregiverlinguistic",291.642,292.235,0.593,"naranja
","308"
"1167","Caregiverlinguistic",293.638,294.084,0.446,"naranja
","308"
"1168","Caregiverlinguistic",295.708,296.568,0.86,"naranja
","308"
"1169","Caregiverlinguistic",299.197,299.785,0.588,"naranja
","308"
"1170","Caregiverlinguistic",300.648,301.215,0.567,"naranja
","308"
"1171","Caregiverlinguistic",304.51,304.897,0.387,"pan
","308"
"1172","Caregiverlinguistic",305.144,305.764,0.62,"pan
","308"
"1173","Caregiverlinguistic",306.321,306.881,0.56,"fresa
","308"
"1174","Caregiverlinguistic",308.108,308.801,0.693,"fresa
","308"
"1175","Caregiverlinguistic",310.581,311.207,0.626,"fresa
","308"
"1176","Caregiverlinguistic",313.274,313.934,0.66,"naranja
","308"
"1177","Caregiverlinguistic",316.011,316.631,0.62,"fresa
","308"
"1178","Caregiverlinguistic",336.152,336.793,0.641,"lechuga
","308"
"1179","Caregiverlinguistic",337.128,337.742,0.614,"lechuga
","308"
"1180","Caregiverlinguistic",338.956,339.523,0.567,"naranja
","308"
"1181","Caregiverlinguistic",348.723,349.445,0.722,"lechuga
","308"
"1182","Caregiverlinguistic",24.522,26.102,1.58,"elote
","309"
"1183","Caregiverlinguistic",28.289,29.529,1.24,"elote
","309"
"1184","Caregiverlinguistic",37.712,38.072,0.36,"cookie
","309"
"1185","Caregiverlinguistic",38.183,38.793,0.61,"galleta
","309"
"1186","Caregiverlinguistic",39.786,41.82,2.034,"galleta
","309"
"1187","Caregiverlinguistic",64.312,66.215,1.903,"banana
","309"
"1188","Caregiverlinguistic",67.549,68.276,0.727,"banana
","309"
"1189","Caregiverlinguistic",70.45,70.918,0.468,"galleta
","309"
"1190","Caregiverlinguistic",93.649,94.185,0.536,"naranja
","309"
"1191","Caregiverlinguistic",95.043,96.471,1.428,"naranja
","309"
"1192","Caregiverlinguistic",97.358,98.582,1.224,"naranja
","309"
"1193","Caregiverlinguistic",102.237,102.647,0.41,"pan
","309"
"1194","Caregiverlinguistic",105.892,106.665,0.773,"pan
","309"
"1195","Caregiverlinguistic",106.675,107.752,1.077,"elote
","309"
"1196","Caregiverlinguistic",109.628,110.092,0.464,"plato
","309"
"1197","Caregiverlinguistic",115.207,116.04,0.833,"leche
","309"
"1198","Caregiverlinguistic",117.602,119.082,1.48,"leche
","309"
"1199","Caregiverlinguistic",122.821,123.342,0.521,"cuchara
","309"
"1200","Caregiverlinguistic",123.968,124.609,0.641,"cuchara
","309"
"1201","Caregiverlinguistic",129.858,130.925,1.067,"aguacate
","309"
"1202","Caregiverlinguistic",133.914,134.795,0.881,"aguacate
","309"
"1203","Caregiverlinguistic",136.549,137.599,1.05,"aguacate
","309"
"1204","Caregiverlinguistic",138.14,138.711,0.571,"tomate
","309"
"1205","Caregiverlinguistic",139.806,140.619,0.813,"tomate
","309"
"1206","Caregiverlinguistic",142.413,143.073,0.66,"tomate
","309"
"1207","Caregiverlinguistic",151.272,152.359,1.087,"lechuga
","309"
"1208","Caregiverlinguistic",154.099,155.316,1.217,"fresa
","309"
"1209","Caregiverlinguistic",157.322,158.369,1.047,"fresa
","309"
"1210","Caregiverlinguistic",162.755,163.712,0.957,"vaso
","309"
"1211","Caregiverlinguistic",165.772,166.829,1.057,"cebolla
","309"
"1212","Caregiverlinguistic",169.837,171.217,1.38,"cuchillo
","309"
"1213","Caregiverlinguistic",172.986,173.849,0.863,"banana
","309"
"1214","Caregiverlinguistic",180.3,181.37,1.07,"galleta
","309"
"1215","Caregiverlinguistic",182.63,183.86,1.23,"galleta
","309"
"1216","Caregiverlinguistic",198.291,199.221,0.93,"galleta
","309"
"1217","Caregiverlinguistic",206.836,207.549,0.713,"plato
","309"
"1218","Caregiverlinguistic",211.375,212.592,1.217,"cuchara
","309"
"1219","Caregiverlinguistic",217.209,218.2,0.991,"galleta
","309"
"1220","Caregiverlinguistic",231.189,232.029,0.84,"banana
","309"
"1221","Caregiverlinguistic",236.499,237.079,0.58,"galletas
","309"
"1222","Caregiverlinguistic",239.863,240.4,0.537,"galletas
","309"
"1223","Caregiverlinguistic",243.427,244.294,0.867,"cebolla
","309"
"1224","Caregiverlinguistic",245.246,245.73,0.484,"galleta
","309"
"1225","Caregiverlinguistic",247.219,247.759,0.54,"galleta
","309"
"1226","Caregiverlinguistic",249.822,250.366,0.544,"galletas
","309"
"1227","Caregiverlinguistic",255.334,256.201,0.867,"elote
","309"
"1228","Caregiverlinguistic",272.436,272.866,0.43,"pan
","309"
"1229","Caregiverlinguistic",276.534,277.101,0.567,"pan
","309"
"1230","Caregiverlinguistic",278.133,278.453,0.32,"pan
","309"
"1231","Caregiverlinguistic",283.42,283.916,0.496,"banana
","309"
"1232","Caregiverlinguistic",287.361,288.128,0.767,"banana
","309"
"1233","Caregiverlinguistic",302.911,303.993,1.082,"elote
","309"
"1234","Caregiverlinguistic",306.751,307.699,0.948,"leche
","309"
"1235","Caregiverlinguistic",309.999,310.599,0.6,"leche
","309"
"1236","Caregiverlinguistic",320.476,321.513,1.037,"leche
","309"
"1237","Caregiverlinguistic",322.707,323.444,0.737,"vaso
","309"
"1238","Caregiverlinguistic",332.245,333.105,0.86,"fresa
","309"
"1239","Caregiverlinguistic",335.269,336.136,0.867,"fresa
","309"
"1240","Caregiverlinguistic",343.289,344.186,0.897,"naranja
","309"
"1241","Caregiverlinguistic",71.42,72.112,0.692,"platitos
","310"
"1242","Caregiverlinguistic",78.109,78.529,0.42,"tacita
","310"
"1243","Caregiverlinguistic",79.709,80.143,0.434,"te
","310"
"1244","Caregiverlinguistic",81.279,81.819,0.54,"leche
","310"
"1245","Caregiverlinguistic",83.79,84.26,0.47,"leche
","310"
"1246","Caregiverlinguistic",85.156,85.587,0.431,"leche
","310"
"1247","Caregiverlinguistic",88.043,88.41,0.367,"leche
","310"
"1248","Caregiverlinguistic",101.799,102.444,0.645,"tenedor
","310"
"1249","Caregiverlinguistic",104.837,105.418,0.581,"platito
","310"
"1250","Caregiverlinguistic",105.825,106.633,0.808,"brocoli
","310"
"1251","Caregiverlinguistic",139.34,140.587,1.247,"fresa
","310"
"1252","Caregiverlinguistic",143.576,144.402,0.826,"fresa
","310"
"1253","Caregiverlinguistic",151.589,152.403,0.814,"cazuela
","310"
"1254","Caregiverlinguistic",159.608,160.682,1.074,"cazuelita
","310"
"1255","Caregiverlinguistic",249.669,250.503,0.834,"galletas
","310"
"1256","Caregiverlinguistic",252.103,252.963,0.86,"galletas
","310"
"1257","Caregiverlinguistic",252.103,252.963,0.86,"galletas
","310"
"1258","Caregiverlinguistic",284.152,284.846,0.694,"platano
","310"
"1259","Caregiverlinguistic",285.487,286.349,0.862,"platano
","310"
"1260","Caregiverlinguistic",307.96,309.16,1.2,"platano
","310"
"1261","Caregiverlinguistic",315.533,316.16,0.627,"fresa
","310"
"1262","Caregiverlinguistic",352.106,353.186,1.08,"te de fresa
","310"
"1263","Caregiverlinguistic",395.669,397.142,1.473,"naranja
","310"
"1264","Caregiverlinguistic",402.508,402.94,0.432,"cuchillo 
","310"
"1265","Caregiverlinguistic",404.065,404.663,0.598,"cuchillo 
","310"
